Show,EpId,ClipId,Start,Stop,Unsure,PoorAudioQuality,Prolongation,Block,SoundRep,WordRep,DifficultToUnderstand,Interjection,NoStutteredWords,NaturalPause,Music,NoSpeech,QualityStatus,ExclusionReason,VoxFlowLabel,Split,SpeakerID,SampleID,ClipPath,DurationSec
HeStutters,1,0,2152480,2200480,0,0,0,1,2,0,1,0,0,0,0,0,Valid,,Repetition,Train,HeStutters_Ep1,HeStutters_1_0,data\processed\clips\HeStutters_1_0.wav,3.0
HeStutters,1,4,28351360,28399360,0,0,0,0,0,0,0,0,3,0,0,0,Valid,,Fluent,Train,HeStutters_Ep1,HeStutters_1_4,data\processed\clips\HeStutters_1_4.wav,3.0
HeStutters,1,5,28390400,28438400,0,0,0,0,0,3,0,1,0,0,0,0,Valid,,Repetition,Train,HeStutters_Ep1,HeStutters_1_5,data\processed\clips\HeStutters_1_5.wav,3.0
HeStutters,1,7,28506080,28554080,0,0,0,0,0,3,1,0,0,1,0,0,Valid,,Repetition,Train,HeStutters_Ep1,HeStutters_1_7,data\processed\clips\HeStutters_1_7.wav,3.0
HeStutters,1,8,28539840,28587840,0,0,0,0,0,2,0,0,1,0,0,0,Valid,,Repetition,Train,HeStutters_Ep1,HeStutters_1_8,data\processed\clips\HeStutters_1_8.wav,3.0
HeStutters,1,10,29077440,29125440,0,0,0,2,0,1,1,0,0,0,0,0,Valid,,Block,Train,HeStutters_Ep1,HeStutters_1_10,data\processed\clips\HeStutters_1_10.wav,3.0
HeStutters,1,11,29396960,29444960,0,1,2,0,1,0,1,0,0,0,0,0,Valid,,Prolongation,Train,HeStutters_Ep1,HeStutters_1_11,data\processed\clips\HeStutters_1_11.wav,3.0
HeStutters,1,12,29445280,29493280,0,0,0,0,2,0,1,0,1,0,0,0,Valid,,Repetition,Train,HeStutters_Ep1,HeStutters_1_12,data\processed\clips\HeStutters_1_12.wav,3.0
HeStutters,1,14,29571040,29619040,0,0,3,0,0,0,0,3,0,0,0,0,Valid,,Prolongation,Train,HeStutters_Ep1,HeStutters_1_14,data\processed\clips\HeStutters_1_14.wav,3.0
HeStutters,1,15,30017440,30065440,0,0,3,0,1,0,0,1,0,0,0,0,Valid,,Prolongation,Train,HeStutters_Ep1,HeStutters_1_15,data\processed\clips\HeStutters_1_15.wav,3.0
HeStutters,1,17,5026880,5074880,0,0,0,2,1,0,1,0,0,1,0,0,Valid,,Block,Train,HeStutters_Ep1,HeStutters_1_17,data\processed\clips\HeStutters_1_17.wav,3.0
HeStutters,1,19,30230560,30278560,0,1,0,0,0,0,0,0,3,0,0,0,Valid,,Fluent,Train,HeStutters_Ep1,HeStutters_1_19,data\processed\clips\HeStutters_1_19.wav,3.0
HeStutters,1,20,30284320,30332320,0,0,0,0,1,3,0,1,0,0,0,0,Valid,,Repetition,Train,HeStutters_Ep1,HeStutters_1_20,data\processed\clips\HeStutters_1_20.wav,3.0
HeStutters,1,27,31099040,31147040,0,0,3,1,0,0,1,0,0,1,0,0,Valid,,Prolongation,Train,HeStutters_Ep1,HeStutters_1_27,data\processed\clips\HeStutters_1_27.wav,3.0
HeStutters,1,29,31224160,31272160,0,0,2,0,0,0,1,0,1,0,0,0,Valid,,Prolongation,Train,HeStutters_Ep1,HeStutters_1_29,data\processed\clips\HeStutters_1_29.wav,3.0
HeStutters,1,32,31661920,31709920,0,0,3,0,0,0,0,3,0,0,0,0,Valid,,Prolongation,Train,HeStutters_Ep1,HeStutters_1_32,data\processed\clips\HeStutters_1_32.wav,3.0
HeStutters,1,33,31802080,31850080,0,0,0,1,3,0,0,0,0,0,0,0,Valid,,Repetition,Train,HeStutters_Ep1,HeStutters_1_33,data\processed\clips\HeStutters_1_33.wav,3.0
HeStutters,1,35,31881600,31929600,0,0,1,1,2,0,1,0,0,0,0,0,Valid,,Repetition,Train,HeStutters_Ep1,HeStutters_1_35,data\processed\clips\HeStutters_1_35.wav,3.0
HeStutters,1,41,32346240,32394240,0,1,2,1,0,0,0,1,1,0,0,0,Valid,,Prolongation,Train,HeStutters_Ep1,HeStutters_1_41,data\processed\clips\HeStutters_1_41.wav,3.0
HeStutters,1,42,32392000,32440000,0,0,1,1,3,1,1,0,0,0,0,0,Valid,,Repetition,Train,HeStutters_Ep1,HeStutters_1_42,data\processed\clips\HeStutters_1_42.wav,3.0
HeStutters,1,45,32800640,32848640,0,0,1,0,2,0,1,0,0,0,0,0,Valid,,Repetition,Train,HeStutters_Ep1,HeStutters_1_45,data\processed\clips\HeStutters_1_45.wav,3.0
HeStutters,1,50,33175200,33223200,0,0,0,1,2,0,0,1,1,2,0,0,Valid,,Repetition,Train,HeStutters_Ep1,HeStutters_1_50,data\processed\clips\HeStutters_1_50.wav,3.0
HeStutters,1,51,33325280,33373280,0,0,0,1,0,3,0,0,0,0,0,0,Valid,,Repetition,Train,HeStutters_Ep1,HeStutters_1_51,data\processed\clips\HeStutters_1_51.wav,3.0
HeStutters,1,52,33372160,33420160,0,0,0,0,0,0,0,0,3,2,0,0,Valid,,Fluent,Train,HeStutters_Ep1,HeStutters_1_52,data\processed\clips\HeStutters_1_52.wav,3.0
HeStutters,1,54,34100800,34148800,0,0,3,0,1,0,1,0,0,0,0,0,Valid,,Prolongation,Train,HeStutters_Ep1,HeStutters_1_54,data\processed\clips\HeStutters_1_54.wav,3.0
HeStutters,1,56,34184480,34232480,0,1,0,0,2,0,1,0,1,0,0,0,Valid,,Repetition,Train,HeStutters_Ep1,HeStutters_1_56,data\processed\clips\HeStutters_1_56.wav,3.0
HeStutters,1,57,5247680,5295680,0,0,1,0,2,0,0,0,1,1,0,0,Valid,,Repetition,Train,HeStutters_Ep1,HeStutters_1_57,data\processed\clips\HeStutters_1_57.wav,3.0
HeStutters,1,60,34295840,34343840,0,0,1,1,2,0,1,0,0,0,0,0,Valid,,Repetition,Train,HeStutters_Ep1,HeStutters_1_60,data\processed\clips\HeStutters_1_60.wav,3.0
HeStutters,1,61,34837280,34885280,0,0,0,1,3,0,1,2,0,0,0,0,Valid,,Repetition,Train,HeStutters_Ep1,HeStutters_1_61,data\processed\clips\HeStutters_1_61.wav,3.0
HeStutters,1,63,34995840,35043840,0,0,2,1,0,0,0,0,0,0,0,0,Valid,,Prolongation,Train,HeStutters_Ep1,HeStutters_1_63,data\processed\clips\HeStutters_1_63.wav,3.0
HeStutters,1,64,35047520,35095520,0,0,0,0,0,0,0,0,3,0,0,1,Valid,,Fluent,Train,HeStutters_Ep1,HeStutters_1_64,data\processed\clips\HeStutters_1_64.wav,3.0
HeStutters,1,67,35897120,35945120,0,0,0,1,2,0,0,1,0,0,0,0,Valid,,Repetition,Train,HeStutters_Ep1,HeStutters_1_67,data\processed\clips\HeStutters_1_67.wav,3.0
HeStutters,1,71,37078240,37126240,0,0,0,0,0,3,1,0,0,0,0,0,Valid,,Repetition,Train,HeStutters_Ep1,HeStutters_1_71,data\processed\clips\HeStutters_1_71.wav,3.0
HeStutters,1,77,38740320,38788320,0,0,0,2,1,0,0,0,0,0,0,0,Valid,,Block,Train,HeStutters_Ep1,HeStutters_1_77,data\processed\clips\HeStutters_1_77.wav,3.0
HeStutters,1,80,6016640,6064640,0,0,0,1,0,3,0,1,0,0,0,0,Valid,,Repetition,Train,HeStutters_Ep1,HeStutters_1_80,data\processed\clips\HeStutters_1_80.wav,3.0
HeStutters,1,85,39087040,39135040,0,0,0,0,0,3,0,1,0,0,0,0,Valid,,Repetition,Train,HeStutters_Ep1,HeStutters_1_85,data\processed\clips\HeStutters_1_85.wav,3.0
HeStutters,1,86,39507680,39555680,0,0,2,0,0,0,0,0,1,1,0,0,Valid,,Prolongation,Train,HeStutters_Ep1,HeStutters_1_86,data\processed\clips\HeStutters_1_86.wav,3.0
HeStutters,1,87,39564320,39612320,0,0,0,2,0,0,0,0,1,1,0,0,Valid,,Block,Train,HeStutters_Ep1,HeStutters_1_87,data\processed\clips\HeStutters_1_87.wav,3.0
HeStutters,1,88,39631040,39679040,0,0,0,0,2,0,0,1,1,0,0,0,Valid,,Repetition,Train,HeStutters_Ep1,HeStutters_1_88,data\processed\clips\HeStutters_1_88.wav,3.0
HeStutters,1,91,39817440,39865440,0,0,2,0,1,0,0,0,0,0,0,0,Valid,,Prolongation,Train,HeStutters_Ep1,HeStutters_1_91,data\processed\clips\HeStutters_1_91.wav,3.0
HeStutters,1,93,39942720,39990720,0,0,0,0,0,0,1,1,3,1,0,0,Valid,,Fluent,Train,HeStutters_Ep1,HeStutters_1_93,data\processed\clips\HeStutters_1_93.wav,3.0
HeStutters,1,94,39987680,40035680,0,0,0,0,0,0,1,0,3,0,0,0,Valid,,Fluent,Train,HeStutters_Ep1,HeStutters_1_94,data\processed\clips\HeStutters_1_94.wav,3.0
HeStutters,1,95,40041440,40089440,0,0,0,0,0,0,1,0,3,0,0,0,Valid,,Fluent,Train,HeStutters_Ep1,HeStutters_1_95,data\processed\clips\HeStutters_1_95.wav,3.0
HeStutters,1,96,6270720,6318720,0,0,0,1,2,0,0,0,0,0,0,0,Valid,,Repetition,Train,HeStutters_Ep1,HeStutters_1_96,data\processed\clips\HeStutters_1_96.wav,3.0
HeStutters,1,98,40073280,40121280,0,0,0,0,0,3,0,0,0,0,0,0,Valid,,Repetition,Train,HeStutters_Ep1,HeStutters_1_98,data\processed\clips\HeStutters_1_98.wav,3.0
HeStutters,1,100,40669920,40717920,0,0,0,0,2,2,0,0,0,0,0,0,Valid,,Repetition,Train,HeStutters_Ep1,HeStutters_1_100,data\processed\clips\HeStutters_1_100.wav,3.0
HeStutters,1,101,40904160,40952160,0,0,2,1,0,0,0,1,0,0,0,0,Valid,,Prolongation,Train,HeStutters_Ep1,HeStutters_1_101,data\processed\clips\HeStutters_1_101.wav,3.0
HeStutters,1,103,41236960,41284960,0,0,0,0,0,0,0,2,3,0,0,0,Valid,,Fluent,Train,HeStutters_Ep1,HeStutters_1_103,data\processed\clips\HeStutters_1_103.wav,3.0
HeStutters,1,104,41306560,41354560,0,0,0,0,0,3,1,1,0,1,0,1,Valid,,Repetition,Train,HeStutters_Ep1,HeStutters_1_104,data\processed\clips\HeStutters_1_104.wav,3.0
HeStutters,1,105,6492320,6540320,0,0,0,0,2,0,0,0,1,0,0,0,Valid,,Repetition,Train,HeStutters_Ep1,HeStutters_1_105,data\processed\clips\HeStutters_1_105.wav,3.0
HeStutters,1,107,6638560,6686560,0,0,0,0,0,0,0,0,3,0,0,0,Valid,,Fluent,Train,HeStutters_Ep1,HeStutters_1_107,data\processed\clips\HeStutters_1_107.wav,3.0
HeStutters,1,109,6978880,7026880,0,0,0,2,0,0,0,3,1,2,0,0,Valid,,Block,Train,HeStutters_Ep1,HeStutters_1_109,data\processed\clips\HeStutters_1_109.wav,3.0
HeStutters,1,110,7013120,7061120,0,0,0,0,0,0,0,0,3,1,0,0,Valid,,Fluent,Train,HeStutters_Ep1,HeStutters_1_110,data\processed\clips\HeStutters_1_110.wav,3.0
HeStutters,1,112,7141120,7189120,0,1,3,1,0,0,1,0,0,0,0,0,Valid,,Prolongation,Train,HeStutters_Ep1,HeStutters_1_112,data\processed\clips\HeStutters_1_112.wav,3.0
HeStutters,1,115,2648640,2696640,0,0,0,0,1,2,0,0,0,0,0,0,Valid,,Repetition,Train,HeStutters_Ep1,HeStutters_1_115,data\processed\clips\HeStutters_1_115.wav,3.0
HeStutters,1,118,7956000,8004000,0,0,2,0,0,0,0,3,1,1,0,0,Valid,,Prolongation,Train,HeStutters_Ep1,HeStutters_1_118,data\processed\clips\HeStutters_1_118.wav,3.0
HeStutters,1,120,8170240,8218240,0,0,1,0,0,3,0,0,0,0,0,0,Valid,,Repetition,Train,HeStutters_Ep1,HeStutters_1_120,data\processed\clips\HeStutters_1_120.wav,3.0
HeStutters,1,121,8976480,9024480,0,0,0,0,0,0,0,3,3,1,0,0,Valid,,Fluent,Train,HeStutters_Ep1,HeStutters_1_121,data\processed\clips\HeStutters_1_121.wav,3.0
HeStutters,1,126,9375360,9423360,0,1,0,0,0,0,1,1,3,0,0,0,Valid,,Fluent,Train,HeStutters_Ep1,HeStutters_1_126,data\processed\clips\HeStutters_1_126.wav,3.0
HeStutters,1,127,9410720,9458720,0,0,0,0,3,1,0,0,0,0,0,0,Valid,,Repetition,Train,HeStutters_Ep1,HeStutters_1_127,data\processed\clips\HeStutters_1_127.wav,3.0
HeStutters,1,131,10160800,10208800,0,0,0,0,0,0,0,0,3,1,0,0,Valid,,Fluent,Train,HeStutters_Ep1,HeStutters_1_131,data\processed\clips\HeStutters_1_131.wav,3.0
HeStutters,1,132,10280320,10328320,0,0,0,2,0,0,0,0,1,0,0,0,Valid,,Block,Train,HeStutters_Ep1,HeStutters_1_132,data\processed\clips\HeStutters_1_132.wav,3.0
HeStutters,1,133,10518720,10566720,0,0,1,3,0,1,0,2,0,0,0,0,Valid,,Block,Train,HeStutters_Ep1,HeStutters_1_133,data\processed\clips\HeStutters_1_133.wav,3.0
HeStutters,1,140,12821920,12869920,0,0,2,0,0,0,0,0,2,0,0,0,Valid,,Prolongation,Train,HeStutters_Ep1,HeStutters_1_140,data\processed\clips\HeStutters_1_140.wav,3.0
HeStutters,1,144,13032640,13080640,0,0,3,0,0,0,1,0,0,0,0,0,Valid,,Prolongation,Train,HeStutters_Ep1,HeStutters_1_144,data\processed\clips\HeStutters_1_144.wav,3.0
HeStutters,1,148,14402080,14450080,0,0,3,0,0,0,1,0,0,2,0,0,Valid,,Prolongation,Train,HeStutters_Ep1,HeStutters_1_148,data\processed\clips\HeStutters_1_148.wav,3.0
HeStutters,1,150,14758560,14806560,0,0,0,2,0,0,0,0,1,0,0,0,Valid,,Block,Train,HeStutters_Ep1,HeStutters_1_150,data\processed\clips\HeStutters_1_150.wav,3.0
HeStutters,1,152,14980640,15028640,0,0,0,0,0,0,1,0,3,1,0,0,Valid,,Fluent,Train,HeStutters_Ep1,HeStutters_1_152,data\processed\clips\HeStutters_1_152.wav,3.0
HeStutters,1,155,15124320,15172320,0,0,0,0,3,0,0,0,0,1,0,0,Valid,,Repetition,Train,HeStutters_Ep1,HeStutters_1_155,data\processed\clips\HeStutters_1_155.wav,3.0
HeStutters,1,158,15173440,15221440,0,0,0,0,2,2,0,0,0,0,0,0,Valid,,Repetition,Train,HeStutters_Ep1,HeStutters_1_158,data\processed\clips\HeStutters_1_158.wav,3.0
HeStutters,1,163,15381440,15429440,0,0,1,0,2,0,0,0,0,1,0,0,Valid,,Repetition,Train,HeStutters_Ep1,HeStutters_1_163,data\processed\clips\HeStutters_1_163.wav,3.0
HeStutters,1,164,16015840,16063840,0,0,1,2,1,0,1,1,0,0,0,0,Valid,,Block,Train,HeStutters_Ep1,HeStutters_1_164,data\processed\clips\HeStutters_1_164.wav,3.0
HeStutters,1,167,16223360,16271360,0,0,0,1,2,0,1,0,0,0,0,0,Valid,,Repetition,Train,HeStutters_Ep1,HeStutters_1_167,data\processed\clips\HeStutters_1_167.wav,3.0
HeStutters,1,168,16315520,16363520,0,0,2,0,0,0,0,2,1,0,0,0,Valid,,Prolongation,Train,HeStutters_Ep1,HeStutters_1_168,data\processed\clips\HeStutters_1_168.wav,3.0
HeStutters,1,172,16672480,16720480,0,0,0,0,1,2,0,2,0,0,0,0,Valid,,Repetition,Train,HeStutters_Ep1,HeStutters_1_172,data\processed\clips\HeStutters_1_172.wav,3.0
HeStutters,1,175,16834720,16882720,0,0,1,0,0,3,1,0,0,1,0,0,Valid,,Repetition,Train,HeStutters_Ep1,HeStutters_1_175,data\processed\clips\HeStutters_1_175.wav,3.0
HeStutters,1,178,16874240,16922240,0,0,0,0,0,0,0,3,3,0,0,0,Valid,,Fluent,Train,HeStutters_Ep1,HeStutters_1_178,data\processed\clips\HeStutters_1_178.wav,3.0
HeStutters,1,179,16914400,16962400,0,0,0,2,0,0,0,1,1,0,0,0,Valid,,Block,Train,HeStutters_Ep1,HeStutters_1_179,data\processed\clips\HeStutters_1_179.wav,3.0
HeStutters,1,180,16963680,17011680,0,0,2,0,0,0,0,1,1,0,0,0,Valid,,Prolongation,Train,HeStutters_Ep1,HeStutters_1_180,data\processed\clips\HeStutters_1_180.wav,3.0
HeStutters,1,181,17010720,17058720,0,0,0,0,2,0,0,0,1,0,0,0,Valid,,Repetition,Train,HeStutters_Ep1,HeStutters_1_181,data\processed\clips\HeStutters_1_181.wav,3.0
HeStutters,1,182,17043200,17091200,0,0,2,1,0,0,1,0,1,0,0,0,Valid,,Prolongation,Train,HeStutters_Ep1,HeStutters_1_182,data\processed\clips\HeStutters_1_182.wav,3.0
HeStutters,1,184,17369120,17417120,0,0,0,2,0,0,1,0,1,0,0,0,Valid,,Block,Train,HeStutters_Ep1,HeStutters_1_184,data\processed\clips\HeStutters_1_184.wav,3.0
HeStutters,1,186,17453920,17501920,0,0,0,1,2,0,0,0,0,0,0,0,Valid,,Repetition,Train,HeStutters_Ep1,HeStutters_1_186,data\processed\clips\HeStutters_1_186.wav,3.0
HeStutters,1,188,17666080,17714080,0,0,3,0,0,0,0,1,0,0,0,0,Valid,,Prolongation,Train,HeStutters_Ep1,HeStutters_1_188,data\processed\clips\HeStutters_1_188.wav,3.0
HeStutters,1,189,17700640,17748640,0,0,0,2,0,0,0,0,1,0,0,0,Valid,,Block,Train,HeStutters_Ep1,HeStutters_1_189,data\processed\clips\HeStutters_1_189.wav,3.0
HeStutters,1,190,17865440,17913440,0,0,0,0,0,0,1,2,3,0,0,0,Valid,,Fluent,Train,HeStutters_Ep1,HeStutters_1_190,data\processed\clips\HeStutters_1_190.wav,3.0
HeStutters,1,191,17900000,17948000,0,0,2,0,0,0,0,0,1,0,0,0,Valid,,Prolongation,Train,HeStutters_Ep1,HeStutters_1_191,data\processed\clips\HeStutters_1_191.wav,3.0
HeStutters,1,192,17972960,18020960,0,0,0,0,0,0,0,0,3,1,0,0,Valid,,Fluent,Train,HeStutters_Ep1,HeStutters_1_192,data\processed\clips\HeStutters_1_192.wav,3.0
HeStutters,1,193,18006240,18054240,0,0,0,0,0,2,0,0,1,0,0,0,Valid,,Repetition,Train,HeStutters_Ep1,HeStutters_1_193,data\processed\clips\HeStutters_1_193.wav,3.0
HeStutters,1,195,4043360,4091360,0,0,0,0,0,0,0,0,3,0,0,0,Valid,,Fluent,Train,HeStutters_Ep1,HeStutters_1_195,data\processed\clips\HeStutters_1_195.wav,3.0
HeStutters,1,198,19098880,19146880,0,0,0,0,0,0,1,1,3,0,0,0,Valid,,Fluent,Train,HeStutters_Ep1,HeStutters_1_198,data\processed\clips\HeStutters_1_198.wav,3.0
HeStutters,1,199,19138080,19186080,0,0,0,0,0,0,0,2,3,1,0,0,Valid,,Fluent,Train,HeStutters_Ep1,HeStutters_1_199,data\processed\clips\HeStutters_1_199.wav,3.0
HeStutters,1,201,19308960,19356960,0,0,0,2,1,0,0,0,0,0,0,0,Valid,,Block,Train,HeStutters_Ep1,HeStutters_1_201,data\processed\clips\HeStutters_1_201.wav,3.0
HeStutters,1,205,20301280,20349280,0,0,0,0,0,3,1,0,0,0,0,0,Valid,,Repetition,Train,HeStutters_Ep1,HeStutters_1_205,data\processed\clips\HeStutters_1_205.wav,3.0
HeStutters,1,206,20360480,20408480,0,0,0,2,0,0,0,1,1,1,0,0,Valid,,Block,Train,HeStutters_Ep1,HeStutters_1_206,data\processed\clips\HeStutters_1_206.wav,3.0
HeStutters,1,207,20414720,20462720,0,0,0,0,1,2,0,1,0,0,0,0,Valid,,Repetition,Train,HeStutters_Ep1,HeStutters_1_207,data\processed\clips\HeStutters_1_207.wav,3.0
HeStutters,1,210,20727200,20775200,0,1,0,0,0,3,1,0,0,0,0,0,Valid,,Repetition,Train,HeStutters_Ep1,HeStutters_1_210,data\processed\clips\HeStutters_1_210.wav,3.0
HeStutters,1,216,21037120,21085120,0,0,0,0,0,0,0,2,3,1,0,0,Valid,,Fluent,Train,HeStutters_Ep1,HeStutters_1_216,data\processed\clips\HeStutters_1_216.wav,3.0
HeStutters,1,217,21576320,21624320,0,0,1,2,0,0,1,0,0,0,0,0,Valid,,Block,Train,HeStutters_Ep1,HeStutters_1_217,data\processed\clips\HeStutters_1_217.wav,3.0
HeStutters,1,220,21794560,21842560,0,0,0,0,0,2,1,1,1,0,0,0,Valid,,Repetition,Train,HeStutters_Ep1,HeStutters_1_220,data\processed\clips\HeStutters_1_220.wav,3.0
HeStutters,1,222,21952160,22000160,0,0,3,0,1,0,1,2,0,0,0,0,Valid,,Prolongation,Train,HeStutters_Ep1,HeStutters_1_222,data\processed\clips\HeStutters_1_222.wav,3.0
HeStutters,1,227,22919360,22967360,0,1,0,0,3,0,1,0,0,0,0,0,Valid,,Repetition,Train,HeStutters_Ep1,HeStutters_1_227,data\processed\clips\HeStutters_1_227.wav,3.0
HeStutters,1,228,22972800,23020800,0,0,0,0,0,0,0,0,3,0,0,0,Valid,,Fluent,Train,HeStutters_Ep1,HeStutters_1_228,data\processed\clips\HeStutters_1_228.wav,3.0
HeStutters,1,229,23255360,23303360,0,0,1,1,2,1,0,0,0,0,0,0,Valid,,Repetition,Train,HeStutters_Ep1,HeStutters_1_229,data\processed\clips\HeStutters_1_229.wav,3.0
HeStutters,1,234,23371520,23419520,0,0,1,2,1,0,0,0,0,1,0,0,Valid,,Block,Train,HeStutters_Ep1,HeStutters_1_234,data\processed\clips\HeStutters_1_234.wav,3.0
HeStutters,1,238,23564640,23612640,0,0,1,0,0,2,0,0,1,0,0,0,Valid,,Repetition,Train,HeStutters_Ep1,HeStutters_1_238,data\processed\clips\HeStutters_1_238.wav,3.0
HeStutters,1,241,24104000,24152000,0,0,1,2,0,0,0,1,0,0,0,0,Valid,,Block,Train,HeStutters_Ep1,HeStutters_1_241,data\processed\clips\HeStutters_1_241.wav,3.0
HeStutters,1,244,24263200,24311200,0,0,3,0,0,0,0,0,0,0,0,0,Valid,,Prolongation,Train,HeStutters_Ep1,HeStutters_1_244,data\processed\clips\HeStutters_1_244.wav,3.0
HeStutters,1,246,24364160,24412160,0,0,3,0,0,0,0,0,0,0,0,0,Valid,,Prolongation,Train,HeStutters_Ep1,HeStutters_1_246,data\processed\clips\HeStutters_1_246.wav,3.0
HeStutters,1,248,24795840,24843840,0,0,1,2,0,0,0,1,1,2,0,0,Valid,,Block,Train,HeStutters_Ep1,HeStutters_1_248,data\processed\clips\HeStutters_1_248.wav,3.0
HeStutters,1,249,25347520,25395520,0,0,2,1,1,0,0,1,0,0,0,0,Valid,,Prolongation,Train,HeStutters_Ep1,HeStutters_1_249,data\processed\clips\HeStutters_1_249.wav,3.0
HeStutters,1,250,25383200,25431200,0,1,1,0,2,1,1,0,1,0,0,0,Valid,,Repetition,Train,HeStutters_Ep1,HeStutters_1_250,data\processed\clips\HeStutters_1_250.wav,3.0
HeStutters,1,251,25457120,25505120,0,1,0,0,0,0,0,1,3,1,0,0,Valid,,Fluent,Train,HeStutters_Ep1,HeStutters_1_251,data\processed\clips\HeStutters_1_251.wav,3.0
HeStutters,1,252,4712800,4760800,0,0,0,1,2,1,0,3,0,1,0,0,Valid,,Repetition,Train,HeStutters_Ep1,HeStutters_1_252,data\processed\clips\HeStutters_1_252.wav,3.0
HeStutters,1,256,26785280,26833280,0,0,0,0,0,0,0,0,3,0,0,0,Valid,,Fluent,Train,HeStutters_Ep1,HeStutters_1_256,data\processed\clips\HeStutters_1_256.wav,3.0
HeStutters,1,260,27120640,27168640,0,0,0,1,3,0,1,0,0,0,0,0,Valid,,Repetition,Train,HeStutters_Ep1,HeStutters_1_260,data\processed\clips\HeStutters_1_260.wav,3.0
HeStutters,1,262,27226080,27274080,0,0,0,1,0,2,0,0,0,0,0,0,Valid,,Repetition,Train,HeStutters_Ep1,HeStutters_1_262,data\processed\clips\HeStutters_1_262.wav,3.0
HeStutters,1,267,27572160,27620160,0,0,1,1,2,0,0,0,0,0,0,0,Valid,,Repetition,Train,HeStutters_Ep1,HeStutters_1_267,data\processed\clips\HeStutters_1_267.wav,3.0
HeStutters,11,3,36968160,37016160,0,0,2,0,1,1,1,2,0,1,0,0,Valid,,Prolongation,Train,HeStutters_Ep11,HeStutters_11_3,data\processed\clips\HeStutters_11_3.wav,3.0
HeStutters,11,4,37048000,37096000,0,0,2,0,1,0,1,3,0,0,0,0,Valid,,Prolongation,Train,HeStutters_Ep11,HeStutters_11_4,data\processed\clips\HeStutters_11_4.wav,3.0
HeStutters,11,6,37319040,37367040,0,0,3,1,1,0,1,2,0,1,0,0,Valid,,Prolongation,Train,HeStutters_Ep11,HeStutters_11_6,data\processed\clips\HeStutters_11_6.wav,3.0
HeStutters,11,7,37348960,37396960,0,0,0,2,0,0,0,3,1,0,0,0,Valid,,Block,Train,HeStutters_Ep11,HeStutters_11_7,data\processed\clips\HeStutters_11_7.wav,3.0
HeStutters,11,8,37454880,37502880,0,0,0,0,0,0,0,3,3,1,0,0,Valid,,Fluent,Train,HeStutters_Ep11,HeStutters_11_8,data\processed\clips\HeStutters_11_8.wav,3.0
HeStutters,11,9,37488320,37536320,0,0,2,0,0,0,0,1,1,0,0,0,Valid,,Prolongation,Train,HeStutters_Ep11,HeStutters_11_9,data\processed\clips\HeStutters_11_9.wav,3.0
HeStutters,11,10,38522720,38570720,0,0,2,1,0,0,0,3,1,1,0,0,Valid,,Prolongation,Train,HeStutters_Ep11,HeStutters_11_10,data\processed\clips\HeStutters_11_10.wav,3.0
HeStutters,11,11,38551520,38599520,0,0,0,0,0,0,1,0,3,1,0,0,Valid,,Fluent,Train,HeStutters_Ep11,HeStutters_11_11,data\processed\clips\HeStutters_11_11.wav,3.0
HeStutters,11,12,38948160,38996160,0,0,0,0,0,0,0,0,3,2,0,0,Valid,,Fluent,Train,HeStutters_Ep11,HeStutters_11_12,data\processed\clips\HeStutters_11_12.wav,3.0
HeStutters,11,14,39060960,39108960,1,0,0,0,0,0,0,0,2,0,0,1,Valid,,Fluent,Train,HeStutters_Ep11,HeStutters_11_14,data\processed\clips\HeStutters_11_14.wav,3.0
HeStutters,11,15,39086400,39134400,0,0,0,0,0,0,0,3,3,1,0,0,Valid,,Fluent,Train,HeStutters_Ep11,HeStutters_11_15,data\processed\clips\HeStutters_11_15.wav,3.0
HeStutters,11,16,39791840,39839840,0,0,0,0,1,2,0,1,0,1,0,0,Valid,,Repetition,Train,HeStutters_Ep11,HeStutters_11_16,data\processed\clips\HeStutters_11_16.wav,3.0
HeStutters,11,17,39821280,39869280,1,1,0,2,0,0,1,2,0,1,0,0,Valid,,Block,Train,HeStutters_Ep11,HeStutters_11_17,data\processed\clips\HeStutters_11_17.wav,3.0
HeStutters,11,20,1771520,1819520,0,0,0,0,0,0,0,0,3,0,0,0,Valid,,Fluent,Train,HeStutters_Ep11,HeStutters_11_20,data\processed\clips\HeStutters_11_20.wav,3.0
HeStutters,11,24,1907840,1955840,0,0,0,1,0,3,0,0,0,0,0,0,Valid,,Repetition,Train,HeStutters_Ep11,HeStutters_11_24,data\processed\clips\HeStutters_11_24.wav,3.0
HeStutters,11,25,2570880,2618880,0,0,0,0,0,0,0,1,3,0,0,0,Valid,,Fluent,Train,HeStutters_Ep11,HeStutters_11_25,data\processed\clips\HeStutters_11_25.wav,3.0
HeStutters,11,27,4052000,4100000,0,0,0,0,0,0,0,2,3,1,0,0,Valid,,Fluent,Train,HeStutters_Ep11,HeStutters_11_27,data\processed\clips\HeStutters_11_27.wav,3.0
HeStutters,11,29,4466080,4514080,0,0,0,0,2,1,1,0,1,0,0,0,Valid,,Repetition,Train,HeStutters_Ep11,HeStutters_11_29,data\processed\clips\HeStutters_11_29.wav,3.0
HeStutters,11,31,4680480,4728480,0,0,1,0,3,0,0,3,0,0,0,0,Valid,,Repetition,Train,HeStutters_Ep11,HeStutters_11_31,data\processed\clips\HeStutters_11_31.wav,3.0
HeStutters,11,32,4706240,4754240,0,0,0,1,2,1,0,0,0,2,0,0,Valid,,Repetition,Train,HeStutters_Ep11,HeStutters_11_32,data\processed\clips\HeStutters_11_32.wav,3.0
HeStutters,11,37,5899840,5947840,0,0,0,0,1,3,0,1,0,0,0,0,Valid,,Repetition,Train,HeStutters_Ep11,HeStutters_11_37,data\processed\clips\HeStutters_11_37.wav,3.0
HeStutters,11,38,5987520,6035520,0,0,0,1,1,3,0,0,0,0,0,0,Valid,,Repetition,Train,HeStutters_Ep11,HeStutters_11_38,data\processed\clips\HeStutters_11_38.wav,3.0
HeStutters,11,39,6016000,6064000,0,0,0,0,0,0,0,0,3,0,0,0,Valid,,Fluent,Train,HeStutters_Ep11,HeStutters_11_39,data\processed\clips\HeStutters_11_39.wav,3.0
HeStutters,11,42,6402080,6450080,0,0,0,0,0,0,0,1,3,1,0,0,Valid,,Fluent,Train,HeStutters_Ep11,HeStutters_11_42,data\processed\clips\HeStutters_11_42.wav,3.0
HeStutters,11,43,6430240,6478240,0,0,0,1,0,3,0,0,0,1,0,0,Valid,,Repetition,Train,HeStutters_Ep11,HeStutters_11_43,data\processed\clips\HeStutters_11_43.wav,3.0
HeStutters,11,45,6813760,6861760,0,0,0,0,0,3,0,0,0,0,0,0,Valid,,Repetition,Train,HeStutters_Ep11,HeStutters_11_45,data\processed\clips\HeStutters_11_45.wav,3.0
HeStutters,11,46,6850880,6898880,0,0,1,0,0,2,0,3,0,0,0,0,Valid,,Repetition,Train,HeStutters_Ep11,HeStutters_11_46,data\processed\clips\HeStutters_11_46.wav,3.0
HeStutters,11,48,7043360,7091360,0,0,1,0,1,2,0,0,0,1,0,0,Valid,,Repetition,Train,HeStutters_Ep11,HeStutters_11_48,data\processed\clips\HeStutters_11_48.wav,3.0
HeStutters,11,49,7073440,7121440,0,0,0,2,1,0,0,1,0,1,0,0,Valid,,Block,Train,HeStutters_Ep11,HeStutters_11_49,data\processed\clips\HeStutters_11_49.wav,3.0
HeStutters,11,52,7786720,7834720,0,0,1,2,1,0,0,1,0,0,0,0,Valid,,Block,Train,HeStutters_Ep11,HeStutters_11_52,data\processed\clips\HeStutters_11_52.wav,3.0
HeStutters,11,54,7887680,7935680,0,0,0,0,3,0,0,3,0,1,0,0,Valid,,Repetition,Train,HeStutters_Ep11,HeStutters_11_54,data\processed\clips\HeStutters_11_54.wav,3.0
HeStutters,11,55,7914400,7962400,0,0,0,0,0,3,0,3,0,0,0,0,Valid,,Repetition,Train,HeStutters_Ep11,HeStutters_11_55,data\processed\clips\HeStutters_11_55.wav,3.0
HeStutters,11,59,8304800,8352800,0,0,1,2,0,0,0,3,1,1,0,0,Valid,,Block,Train,HeStutters_Ep11,HeStutters_11_59,data\processed\clips\HeStutters_11_59.wav,3.0
HeStutters,11,60,9455360,9503360,0,0,2,1,0,0,1,0,0,1,0,0,Valid,,Prolongation,Train,HeStutters_Ep11,HeStutters_11_60,data\processed\clips\HeStutters_11_60.wav,3.0
HeStutters,11,62,489920,537920,0,0,0,0,0,0,0,0,3,0,0,0,Valid,,Fluent,Train,HeStutters_Ep11,HeStutters_11_62,data\processed\clips\HeStutters_11_62.wav,3.0
HeStutters,11,63,527840,575840,0,0,2,0,0,0,0,0,1,0,0,0,Valid,,Prolongation,Train,HeStutters_Ep11,HeStutters_11_63,data\processed\clips\HeStutters_11_63.wav,3.0
HeStutters,11,64,10036160,10084160,0,0,0,0,0,0,0,3,3,0,0,1,Valid,,Fluent,Train,HeStutters_Ep11,HeStutters_11_64,data\processed\clips\HeStutters_11_64.wav,3.0
HeStutters,11,65,10061280,10109280,0,0,0,0,0,3,0,3,0,2,0,0,Valid,,Repetition,Train,HeStutters_Ep11,HeStutters_11_65,data\processed\clips\HeStutters_11_65.wav,3.0
HeStutters,11,66,10100000,10148000,0,0,0,0,0,3,0,0,0,1,0,0,Valid,,Repetition,Train,HeStutters_Ep11,HeStutters_11_66,data\processed\clips\HeStutters_11_66.wav,3.0
HeStutters,11,67,10126080,10174080,0,0,0,0,0,0,0,0,3,0,0,0,Valid,,Fluent,Train,HeStutters_Ep11,HeStutters_11_67,data\processed\clips\HeStutters_11_67.wav,3.0
HeStutters,11,68,10528160,10576160,0,0,2,0,0,0,0,0,1,1,0,0,Valid,,Prolongation,Train,HeStutters_Ep11,HeStutters_11_68,data\processed\clips\HeStutters_11_68.wav,3.0
HeStutters,11,69,10555680,10603680,0,0,2,1,0,0,0,0,0,1,0,0,Valid,,Prolongation,Train,HeStutters_Ep11,HeStutters_11_69,data\processed\clips\HeStutters_11_69.wav,3.0
HeStutters,11,70,11241760,11289760,0,0,0,0,0,0,0,0,3,1,0,0,Valid,,Fluent,Train,HeStutters_Ep11,HeStutters_11_70,data\processed\clips\HeStutters_11_70.wav,3.0
HeStutters,11,72,11490880,11538880,0,0,0,0,0,0,0,2,3,1,0,0,Valid,,Fluent,Train,HeStutters_Ep11,HeStutters_11_72,data\processed\clips\HeStutters_11_72.wav,3.0
HeStutters,11,73,11521600,11569600,0,0,0,0,0,0,0,0,3,0,0,0,Valid,,Fluent,Train,HeStutters_Ep11,HeStutters_11_73,data\processed\clips\HeStutters_11_73.wav,3.0
HeStutters,11,75,11878080,11926080,0,0,0,0,2,1,0,1,0,1,0,0,Valid,,Repetition,Train,HeStutters_Ep11,HeStutters_11_75,data\processed\clips\HeStutters_11_75.wav,3.0
HeStutters,11,77,12261440,12309440,0,0,3,0,0,0,0,1,0,0,0,0,Valid,,Prolongation,Train,HeStutters_Ep11,HeStutters_11_77,data\processed\clips\HeStutters_11_77.wav,3.0
HeStutters,11,78,12318880,12366880,0,0,0,0,0,0,1,1,3,0,0,0,Valid,,Fluent,Train,HeStutters_Ep11,HeStutters_11_78,data\processed\clips\HeStutters_11_78.wav,3.0
HeStutters,11,79,12346400,12394400,0,0,0,0,2,1,0,2,0,1,0,0,Valid,,Repetition,Train,HeStutters_Ep11,HeStutters_11_79,data\processed\clips\HeStutters_11_79.wav,3.0
HeStutters,11,80,12643840,12691840,0,0,0,0,0,0,1,0,3,2,0,0,Valid,,Fluent,Train,HeStutters_Ep11,HeStutters_11_80,data\processed\clips\HeStutters_11_80.wav,3.0
HeStutters,11,81,12670880,12718880,0,0,0,1,2,0,0,0,0,1,0,0,Valid,,Repetition,Train,HeStutters_Ep11,HeStutters_11_81,data\processed\clips\HeStutters_11_81.wav,3.0
HeStutters,11,82,12680960,12728960,0,0,1,2,1,1,0,0,0,1,0,0,Valid,,Block,Train,HeStutters_Ep11,HeStutters_11_82,data\processed\clips\HeStutters_11_82.wav,3.0
HeStutters,11,83,600960,648960,0,0,0,0,0,0,0,0,3,3,0,0,Valid,,Fluent,Train,HeStutters_Ep11,HeStutters_11_83,data\processed\clips\HeStutters_11_83.wav,3.0
HeStutters,11,85,13385280,13433280,0,0,2,0,0,1,0,3,1,0,0,0,Valid,,Prolongation,Train,HeStutters_Ep11,HeStutters_11_85,data\processed\clips\HeStutters_11_85.wav,3.0
HeStutters,11,88,13803840,13851840,0,0,0,0,0,3,0,2,0,0,0,0,Valid,,Repetition,Train,HeStutters_Ep11,HeStutters_11_88,data\processed\clips\HeStutters_11_88.wav,3.0
HeStutters,11,89,13855680,13903680,0,0,3,0,0,0,1,1,0,0,0,0,Valid,,Prolongation,Train,HeStutters_Ep11,HeStutters_11_89,data\processed\clips\HeStutters_11_89.wav,3.0
HeStutters,11,90,14353600,14401600,0,0,0,0,0,0,0,0,3,1,0,0,Valid,,Fluent,Train,HeStutters_Ep11,HeStutters_11_90,data\processed\clips\HeStutters_11_90.wav,3.0
HeStutters,11,91,14380160,14428160,0,0,0,0,0,3,0,3,0,1,0,0,Valid,,Repetition,Train,HeStutters_Ep11,HeStutters_11_91,data\processed\clips\HeStutters_11_91.wav,3.0
HeStutters,11,92,14439200,14487200,0,0,0,0,0,0,0,0,3,1,0,0,Valid,,Fluent,Train,HeStutters_Ep11,HeStutters_11_92,data\processed\clips\HeStutters_11_92.wav,3.0
HeStutters,11,95,14848640,14896640,0,0,0,3,1,0,0,0,0,1,0,0,Valid,,Block,Train,HeStutters_Ep11,HeStutters_11_95,data\processed\clips\HeStutters_11_95.wav,3.0
HeStutters,11,99,15678080,15726080,0,1,0,0,0,0,0,3,3,0,0,0,Valid,,Fluent,Train,HeStutters_Ep11,HeStutters_11_99,data\processed\clips\HeStutters_11_99.wav,3.0
HeStutters,11,106,16351680,16399680,0,0,0,0,0,0,0,1,3,0,0,0,Valid,,Fluent,Train,HeStutters_Ep11,HeStutters_11_106,data\processed\clips\HeStutters_11_106.wav,3.0
HeStutters,11,107,16377760,16425760,0,0,1,0,2,2,0,2,0,1,0,0,Valid,,Repetition,Train,HeStutters_Ep11,HeStutters_11_107,data\processed\clips\HeStutters_11_107.wav,3.0
HeStutters,11,110,17973440,18021440,0,0,0,0,2,1,0,0,0,1,0,0,Valid,,Repetition,Train,HeStutters_Ep11,HeStutters_11_110,data\processed\clips\HeStutters_11_110.wav,3.0
HeStutters,11,111,18087040,18135040,0,0,0,0,0,0,0,0,3,1,0,0,Valid,,Fluent,Train,HeStutters_Ep11,HeStutters_11_111,data\processed\clips\HeStutters_11_111.wav,3.0
HeStutters,11,112,18258720,18306720,0,0,2,1,0,0,0,2,1,0,0,0,Valid,,Prolongation,Train,HeStutters_Ep11,HeStutters_11_112,data\processed\clips\HeStutters_11_112.wav,3.0
HeStutters,11,113,18285920,18333920,0,0,1,0,0,2,0,3,0,1,0,0,Valid,,Repetition,Train,HeStutters_Ep11,HeStutters_11_113,data\processed\clips\HeStutters_11_113.wav,3.0
HeStutters,11,118,18932160,18980160,0,0,0,0,0,0,0,2,3,0,0,0,Valid,,Fluent,Train,HeStutters_Ep11,HeStutters_11_118,data\processed\clips\HeStutters_11_118.wav,3.0
HeStutters,11,120,19042560,19090560,0,0,2,1,0,1,0,0,0,2,0,0,Valid,,Prolongation,Train,HeStutters_Ep11,HeStutters_11_120,data\processed\clips\HeStutters_11_120.wav,3.0
HeStutters,11,125,19936480,19984480,0,0,0,0,0,3,0,0,0,0,0,0,Valid,,Repetition,Train,HeStutters_Ep11,HeStutters_11_125,data\processed\clips\HeStutters_11_125.wav,3.0
HeStutters,11,128,20216000,20264000,0,0,0,0,0,3,0,0,0,0,0,0,Valid,,Repetition,Train,HeStutters_Ep11,HeStutters_11_128,data\processed\clips\HeStutters_11_128.wav,3.0
HeStutters,11,129,20263520,20311520,0,0,2,0,0,0,0,0,1,1,0,0,Valid,,Prolongation,Train,HeStutters_Ep11,HeStutters_11_129,data\processed\clips\HeStutters_11_129.wav,3.0
HeStutters,11,130,21030720,21078720,0,0,0,0,0,0,0,3,3,1,0,0,Valid,,Fluent,Train,HeStutters_Ep11,HeStutters_11_130,data\processed\clips\HeStutters_11_130.wav,3.0
HeStutters,11,132,21250080,21298080,0,0,0,1,0,2,0,0,0,0,0,0,Valid,,Repetition,Train,HeStutters_Ep11,HeStutters_11_132,data\processed\clips\HeStutters_11_132.wav,3.0
HeStutters,11,133,21280960,21328960,0,0,0,1,2,2,0,2,0,0,0,0,Valid,,Repetition,Train,HeStutters_Ep11,HeStutters_11_133,data\processed\clips\HeStutters_11_133.wav,3.0
HeStutters,11,134,22260640,22308640,0,0,0,0,0,0,0,0,3,2,0,0,Valid,,Fluent,Train,HeStutters_Ep11,HeStutters_11_134,data\processed\clips\HeStutters_11_134.wav,3.0
HeStutters,11,135,22288000,22336000,0,0,0,0,1,2,0,1,0,1,0,0,Valid,,Repetition,Train,HeStutters_Ep11,HeStutters_11_135,data\processed\clips\HeStutters_11_135.wav,3.0
HeStutters,11,137,22572000,22620000,0,0,2,0,0,0,0,2,2,2,0,0,Valid,,Prolongation,Train,HeStutters_Ep11,HeStutters_11_137,data\processed\clips\HeStutters_11_137.wav,3.0
HeStutters,11,141,22868800,22916800,0,0,2,0,0,0,0,3,1,0,0,0,Valid,,Prolongation,Train,HeStutters_Ep11,HeStutters_11_141,data\processed\clips\HeStutters_11_141.wav,3.0
HeStutters,11,143,23281920,23329920,0,0,0,0,0,0,0,0,3,2,0,0,Valid,,Fluent,Train,HeStutters_Ep11,HeStutters_11_143,data\processed\clips\HeStutters_11_143.wav,3.0
HeStutters,11,144,23310720,23358720,0,0,2,0,0,0,0,3,1,0,0,0,Valid,,Prolongation,Train,HeStutters_Ep11,HeStutters_11_144,data\processed\clips\HeStutters_11_144.wav,3.0
HeStutters,11,145,23377600,23425600,0,0,2,0,0,0,0,1,1,1,0,0,Valid,,Prolongation,Train,HeStutters_Ep11,HeStutters_11_145,data\processed\clips\HeStutters_11_145.wav,3.0
HeStutters,11,149,23539200,23587200,0,0,0,0,0,0,0,0,3,1,0,0,Valid,,Fluent,Train,HeStutters_Ep11,HeStutters_11_149,data\processed\clips\HeStutters_11_149.wav,3.0
HeStutters,11,150,23584320,23632320,0,0,0,0,0,0,0,0,3,0,0,0,Valid,,Fluent,Train,HeStutters_Ep11,HeStutters_11_150,data\processed\clips\HeStutters_11_150.wav,3.0
HeStutters,11,151,25263040,25311040,0,0,0,2,0,0,0,0,1,1,0,0,Valid,,Block,Train,HeStutters_Ep11,HeStutters_11_151,data\processed\clips\HeStutters_11_151.wav,3.0
HeStutters,11,152,25296640,25344640,0,0,2,1,0,0,0,0,1,0,0,0,Valid,,Prolongation,Train,HeStutters_Ep11,HeStutters_11_152,data\processed\clips\HeStutters_11_152.wav,3.0
HeStutters,11,153,25438240,25486240,0,0,2,0,0,0,0,3,1,1,0,0,Valid,,Prolongation,Train,HeStutters_Ep11,HeStutters_11_153,data\processed\clips\HeStutters_11_153.wav,3.0
HeStutters,11,163,27385280,27433280,0,0,0,0,0,0,0,0,3,1,0,0,Valid,,Fluent,Train,HeStutters_Ep11,HeStutters_11_163,data\processed\clips\HeStutters_11_163.wav,3.0
HeStutters,11,164,27677280,27725280,0,0,2,0,0,0,0,0,1,0,0,0,Valid,,Prolongation,Train,HeStutters_Ep11,HeStutters_11_164,data\processed\clips\HeStutters_11_164.wav,3.0
HeStutters,11,165,27713600,27761600,0,0,0,0,1,2,0,3,0,1,0,0,Valid,,Repetition,Train,HeStutters_Ep11,HeStutters_11_165,data\processed\clips\HeStutters_11_165.wav,3.0
HeStutters,11,166,1048960,1096960,0,0,1,0,1,2,1,3,0,0,0,0,Valid,,Repetition,Train,HeStutters_Ep11,HeStutters_11_166,data\processed\clips\HeStutters_11_166.wav,3.0
HeStutters,11,170,29752320,29800320,0,0,0,3,0,0,0,0,0,0,0,0,Valid,,Block,Train,HeStutters_Ep11,HeStutters_11_170,data\processed\clips\HeStutters_11_170.wav,3.0
HeStutters,11,172,29908320,29956320,0,0,0,0,0,0,0,0,3,3,0,0,Valid,,Fluent,Train,HeStutters_Ep11,HeStutters_11_172,data\processed\clips\HeStutters_11_172.wav,3.0
HeStutters,11,174,30002240,30050240,0,0,0,0,0,0,1,0,3,1,0,0,Valid,,Fluent,Train,HeStutters_Ep11,HeStutters_11_174,data\processed\clips\HeStutters_11_174.wav,3.0
HeStutters,11,175,30027200,30075200,0,0,0,1,0,3,0,0,0,0,0,0,Valid,,Repetition,Train,HeStutters_Ep11,HeStutters_11_175,data\processed\clips\HeStutters_11_175.wav,3.0
HeStutters,11,176,30296480,30344480,0,0,0,1,1,3,0,0,0,0,0,0,Valid,,Repetition,Train,HeStutters_Ep11,HeStutters_11_176,data\processed\clips\HeStutters_11_176.wav,3.0
HeStutters,11,177,30322400,30370400,0,0,0,3,0,0,0,2,1,1,0,0,Valid,,Block,Train,HeStutters_Ep11,HeStutters_11_177,data\processed\clips\HeStutters_11_177.wav,3.0
HeStutters,11,178,30343840,30391840,0,0,0,0,0,3,0,3,0,0,0,0,Valid,,Repetition,Train,HeStutters_Ep11,HeStutters_11_178,data\processed\clips\HeStutters_11_178.wav,3.0
HeStutters,11,179,30408640,30456640,0,0,0,0,0,0,0,3,3,0,0,0,Valid,,Fluent,Train,HeStutters_Ep11,HeStutters_11_179,data\processed\clips\HeStutters_11_179.wav,3.0
HeStutters,11,180,30434400,30482400,0,0,2,0,0,0,0,3,1,0,0,0,Valid,,Prolongation,Train,HeStutters_Ep11,HeStutters_11_180,data\processed\clips\HeStutters_11_180.wav,3.0
HeStutters,11,181,31716480,31764480,0,0,0,0,0,0,0,0,3,0,0,0,Valid,,Fluent,Train,HeStutters_Ep11,HeStutters_11_181,data\processed\clips\HeStutters_11_181.wav,3.0
HeStutters,11,182,31749760,31797760,0,0,2,0,0,0,0,3,1,0,0,0,Valid,,Prolongation,Train,HeStutters_Ep11,HeStutters_11_182,data\processed\clips\HeStutters_11_182.wav,3.0
HeStutters,11,183,31824160,31872160,0,0,0,0,0,0,0,0,3,1,0,0,Valid,,Fluent,Train,HeStutters_Ep11,HeStutters_11_183,data\processed\clips\HeStutters_11_183.wav,3.0
HeStutters,11,187,1153920,1201920,0,0,3,0,0,0,0,1,0,0,0,0,Valid,,Prolongation,Train,HeStutters_Ep11,HeStutters_11_187,data\processed\clips\HeStutters_11_187.wav,3.0
HeStutters,11,188,1199200,1247200,0,0,0,0,0,0,0,2,3,0,0,0,Valid,,Fluent,Train,HeStutters_Ep11,HeStutters_11_188,data\processed\clips\HeStutters_11_188.wav,3.0
HeStutters,11,189,32476480,32524480,0,0,0,2,0,0,0,2,1,1,0,0,Valid,,Block,Train,HeStutters_Ep11,HeStutters_11_189,data\processed\clips\HeStutters_11_189.wav,3.0
HeStutters,11,192,33782080,33830080,0,0,2,0,0,1,0,3,1,0,0,0,Valid,,Prolongation,Train,HeStutters_Ep11,HeStutters_11_192,data\processed\clips\HeStutters_11_192.wav,3.0
HeStutters,11,194,35587360,35635360,0,0,0,0,0,0,0,0,3,0,0,0,Valid,,Fluent,Train,HeStutters_Ep11,HeStutters_11_194,data\processed\clips\HeStutters_11_194.wav,3.0
HeStutters,11,197,36442880,36490880,0,0,0,2,1,0,0,0,0,0,0,0,Valid,,Block,Train,HeStutters_Ep11,HeStutters_11_197,data\processed\clips\HeStutters_11_197.wav,3.0
HeStutters,11,199,36639360,36687360,0,0,0,0,0,3,0,2,0,0,0,0,Valid,,Repetition,Train,HeStutters_Ep11,HeStutters_11_199,data\processed\clips\HeStutters_11_199.wav,3.0
HeStutters,11,203,36787200,36835200,0,0,0,2,0,0,0,0,1,0,0,0,Valid,,Block,Train,HeStutters_Ep11,HeStutters_11_203,data\processed\clips\HeStutters_11_203.wav,3.0
HeStutters,11,204,36834080,36882080,0,0,0,0,0,0,0,0,3,0,0,0,Valid,,Fluent,Train,HeStutters_Ep11,HeStutters_11_204,data\processed\clips\HeStutters_11_204.wav,3.0
HeStutters,11,206,1348320,1396320,0,0,0,0,0,3,0,1,0,0,0,0,Valid,,Repetition,Train,HeStutters_Ep11,HeStutters_11_206,data\processed\clips\HeStutters_11_206.wav,3.0
HeStutters,15,0,577600,625600,0,0,1,0,0,3,0,0,0,0,0,0,Valid,,Repetition,Validation,HeStutters_Ep15,HeStutters_15_0,data\processed\clips\HeStutters_15_0.wav,3.0
HeStutters,15,1,28437280,28485280,0,0,0,0,0,0,0,0,3,0,0,0,Valid,,Fluent,Validation,HeStutters_Ep15,HeStutters_15_1,data\processed\clips\HeStutters_15_1.wav,3.0
HeStutters,15,3,28507840,28555840,0,0,1,0,0,3,0,3,0,0,0,0,Valid,,Repetition,Validation,HeStutters_Ep15,HeStutters_15_3,data\processed\clips\HeStutters_15_3.wav,3.0
HeStutters,15,5,29047520,29095520,0,0,3,1,1,0,0,0,0,0,0,0,Valid,,Prolongation,Validation,HeStutters_Ep15,HeStutters_15_5,data\processed\clips\HeStutters_15_5.wav,3.0
HeStutters,15,6,29088640,29136640,0,0,3,0,0,0,0,2,0,0,0,0,Valid,,Prolongation,Validation,HeStutters_Ep15,HeStutters_15_6,data\processed\clips\HeStutters_15_6.wav,3.0
HeStutters,15,9,29883200,29931200,0,0,0,1,2,0,0,1,0,0,0,0,Valid,,Repetition,Validation,HeStutters_Ep15,HeStutters_15_9,data\processed\clips\HeStutters_15_9.wav,3.0
HeStutters,15,11,30426560,30474560,0,0,1,1,2,1,0,1,0,0,0,0,Valid,,Repetition,Validation,HeStutters_Ep15,HeStutters_15_11,data\processed\clips\HeStutters_15_11.wav,3.0
HeStutters,15,12,30461440,30509440,0,0,2,0,0,0,0,1,1,0,0,0,Valid,,Prolongation,Validation,HeStutters_Ep15,HeStutters_15_12,data\processed\clips\HeStutters_15_12.wav,3.0
HeStutters,15,15,30985600,31033600,0,1,0,0,0,3,0,0,0,0,0,0,Valid,,Repetition,Validation,HeStutters_Ep15,HeStutters_15_15,data\processed\clips\HeStutters_15_15.wav,3.0
HeStutters,15,16,31146400,31194400,0,0,2,0,0,0,0,2,1,1,0,0,Valid,,Prolongation,Validation,HeStutters_Ep15,HeStutters_15_16,data\processed\clips\HeStutters_15_16.wav,3.0
HeStutters,15,21,31400480,31448480,0,0,1,1,2,0,0,2,0,0,0,0,Valid,,Repetition,Validation,HeStutters_Ep15,HeStutters_15_21,data\processed\clips\HeStutters_15_21.wav,3.0
HeStutters,15,22,31531040,31579040,0,0,3,1,0,0,1,0,0,3,0,0,Valid,,Prolongation,Validation,HeStutters_Ep15,HeStutters_15_22,data\processed\clips\HeStutters_15_22.wav,3.0
HeStutters,15,24,3556160,3604160,0,0,2,1,0,0,0,0,0,0,0,0,Valid,,Prolongation,Validation,HeStutters_Ep15,HeStutters_15_24,data\processed\clips\HeStutters_15_24.wav,3.0
HeStutters,15,25,3586400,3634400,0,0,1,0,2,0,1,1,0,0,0,1,Valid,,Repetition,Validation,HeStutters_Ep15,HeStutters_15_25,data\processed\clips\HeStutters_15_25.wav,3.0
HeStutters,15,26,3612800,3660800,0,1,2,0,1,0,1,0,0,0,0,0,Valid,,Prolongation,Validation,HeStutters_Ep15,HeStutters_15_26,data\processed\clips\HeStutters_15_26.wav,3.0
HeStutters,15,27,3976320,4024320,0,0,2,0,0,0,1,1,1,0,0,0,Valid,,Prolongation,Validation,HeStutters_Ep15,HeStutters_15_27,data\processed\clips\HeStutters_15_27.wav,3.0
HeStutters,15,29,4121280,4169280,0,0,0,0,0,0,0,0,3,3,0,0,Valid,,Fluent,Validation,HeStutters_Ep15,HeStutters_15_29,data\processed\clips\HeStutters_15_29.wav,3.0
HeStutters,15,30,4155360,4203360,0,0,0,0,0,3,0,1,0,0,0,0,Valid,,Repetition,Validation,HeStutters_Ep15,HeStutters_15_30,data\processed\clips\HeStutters_15_30.wav,3.0
HeStutters,15,31,4416000,4464000,1,0,0,2,0,0,0,0,1,0,0,0,Valid,,Block,Validation,HeStutters_Ep15,HeStutters_15_31,data\processed\clips\HeStutters_15_31.wav,3.0
HeStutters,15,32,4461280,4509280,0,0,0,0,0,0,0,3,3,2,0,0,Valid,,Fluent,Validation,HeStutters_Ep15,HeStutters_15_32,data\processed\clips\HeStutters_15_32.wav,3.0
HeStutters,15,33,4873280,4921280,0,0,2,0,0,0,0,0,1,2,0,0,Valid,,Prolongation,Validation,HeStutters_Ep15,HeStutters_15_33,data\processed\clips\HeStutters_15_33.wav,3.0
HeStutters,15,34,4912640,4960640,0,0,3,0,0,0,0,0,0,0,0,0,Valid,,Prolongation,Validation,HeStutters_Ep15,HeStutters_15_34,data\processed\clips\HeStutters_15_34.wav,3.0
HeStutters,15,35,5060800,5108800,0,0,0,2,0,1,0,2,1,0,0,0,Valid,,Block,Validation,HeStutters_Ep15,HeStutters_15_35,data\processed\clips\HeStutters_15_35.wav,3.0
HeStutters,15,36,5088960,5136960,0,0,3,0,0,1,1,1,0,0,0,0,Valid,,Prolongation,Validation,HeStutters_Ep15,HeStutters_15_36,data\processed\clips\HeStutters_15_36.wav,3.0
HeStutters,15,39,6194400,6242400,0,0,3,0,0,0,0,2,0,1,0,0,Valid,,Prolongation,Validation,HeStutters_Ep15,HeStutters_15_39,data\processed\clips\HeStutters_15_39.wav,3.0
HeStutters,15,40,6236480,6284480,0,0,3,1,0,0,0,0,0,0,0,0,Valid,,Prolongation,Validation,HeStutters_Ep15,HeStutters_15_40,data\processed\clips\HeStutters_15_40.wav,3.0
HeStutters,15,42,924320,972320,0,0,1,2,0,0,0,0,1,1,0,0,Valid,,Block,Validation,HeStutters_Ep15,HeStutters_15_42,data\processed\clips\HeStutters_15_42.wav,3.0
HeStutters,15,43,6572160,6620160,0,0,2,0,0,0,1,3,1,0,0,0,Valid,,Prolongation,Validation,HeStutters_Ep15,HeStutters_15_43,data\processed\clips\HeStutters_15_43.wav,3.0
HeStutters,15,44,6603520,6651520,0,0,0,0,0,3,0,3,0,1,0,0,Valid,,Repetition,Validation,HeStutters_Ep15,HeStutters_15_44,data\processed\clips\HeStutters_15_44.wav,3.0
HeStutters,15,46,6750880,6798880,0,0,0,2,1,0,0,2,1,1,0,0,Valid,,Block,Validation,HeStutters_Ep15,HeStutters_15_46,data\processed\clips\HeStutters_15_46.wav,3.0
HeStutters,15,48,7014880,7062880,0,0,1,3,0,1,1,3,0,1,0,0,Valid,,Block,Validation,HeStutters_Ep15,HeStutters_15_48,data\processed\clips\HeStutters_15_48.wav,3.0
HeStutters,15,49,7145440,7193440,0,0,1,1,0,2,0,3,0,1,0,0,Valid,,Repetition,Validation,HeStutters_Ep15,HeStutters_15_49,data\processed\clips\HeStutters_15_49.wav,3.0
HeStutters,15,51,7321600,7369600,0,0,2,1,1,0,0,3,0,0,0,0,Valid,,Prolongation,Validation,HeStutters_Ep15,HeStutters_15_51,data\processed\clips\HeStutters_15_51.wav,3.0
HeStutters,15,54,7430400,7478400,0,0,0,0,3,0,0,3,0,0,0,0,Valid,,Repetition,Validation,HeStutters_Ep15,HeStutters_15_54,data\processed\clips\HeStutters_15_54.wav,3.0
HeStutters,15,55,7536320,7584320,0,0,2,0,1,0,1,2,0,0,0,0,Valid,,Prolongation,Validation,HeStutters_Ep15,HeStutters_15_55,data\processed\clips\HeStutters_15_55.wav,3.0
HeStutters,15,56,7564800,7612800,0,0,3,0,0,0,0,3,0,0,0,0,Valid,,Prolongation,Validation,HeStutters_Ep15,HeStutters_15_56,data\processed\clips\HeStutters_15_56.wav,3.0
HeStutters,15,58,7754880,7802880,1,0,0,0,0,0,0,2,3,1,0,1,Valid,,Fluent,Validation,HeStutters_Ep15,HeStutters_15_58,data\processed\clips\HeStutters_15_58.wav,3.0
HeStutters,15,61,1306880,1354880,0,0,2,1,0,0,0,0,1,0,0,0,Valid,,Prolongation,Validation,HeStutters_Ep15,HeStutters_15_61,data\processed\clips\HeStutters_15_61.wav,3.0
HeStutters,15,62,7914080,7962080,0,0,1,1,0,2,0,1,0,0,0,0,Valid,,Repetition,Validation,HeStutters_Ep15,HeStutters_15_62,data\processed\clips\HeStutters_15_62.wav,3.0
HeStutters,15,63,7945920,7993920,0,0,0,1,0,3,0,1,0,0,0,0,Valid,,Repetition,Validation,HeStutters_Ep15,HeStutters_15_63,data\processed\clips\HeStutters_15_63.wav,3.0
HeStutters,15,64,8057280,8105280,0,0,2,0,0,0,0,0,1,0,0,0,Valid,,Prolongation,Validation,HeStutters_Ep15,HeStutters_15_64,data\processed\clips\HeStutters_15_64.wav,3.0
HeStutters,15,69,8257760,8305760,0,0,2,0,0,0,0,2,1,0,0,0,Valid,,Prolongation,Validation,HeStutters_Ep15,HeStutters_15_69,data\processed\clips\HeStutters_15_69.wav,3.0
HeStutters,15,70,8305120,8353120,0,0,0,0,2,1,1,1,0,0,0,0,Valid,,Repetition,Validation,HeStutters_Ep15,HeStutters_15_70,data\processed\clips\HeStutters_15_70.wav,3.0
HeStutters,15,71,8531200,8579200,0,1,2,1,0,0,0,3,1,0,0,0,Valid,,Prolongation,Validation,HeStutters_Ep15,HeStutters_15_71,data\processed\clips\HeStutters_15_71.wav,3.0
HeStutters,15,78,1320160,1368160,0,0,3,0,0,0,0,0,0,0,0,0,Valid,,Prolongation,Validation,HeStutters_Ep15,HeStutters_15_78,data\processed\clips\HeStutters_15_78.wav,3.0
HeStutters,15,79,10119040,10167040,0,0,0,0,0,0,0,0,3,2,0,0,Valid,,Fluent,Validation,HeStutters_Ep15,HeStutters_15_79,data\processed\clips\HeStutters_15_79.wav,3.0
HeStutters,15,82,10270400,10318400,0,0,3,1,0,0,0,1,0,0,0,0,Valid,,Prolongation,Validation,HeStutters_Ep15,HeStutters_15_82,data\processed\clips\HeStutters_15_82.wav,3.0
HeStutters,15,83,10486400,10534400,0,0,2,1,0,0,0,3,0,0,0,0,Valid,,Prolongation,Validation,HeStutters_Ep15,HeStutters_15_83,data\processed\clips\HeStutters_15_83.wav,3.0
HeStutters,15,85,10956160,11004160,0,0,1,2,0,0,0,0,0,2,0,0,Valid,,Block,Validation,HeStutters_Ep15,HeStutters_15_85,data\processed\clips\HeStutters_15_85.wav,3.0
HeStutters,15,86,10992960,11040960,0,0,0,0,0,0,0,0,3,1,0,0,Valid,,Fluent,Validation,HeStutters_Ep15,HeStutters_15_86,data\processed\clips\HeStutters_15_86.wav,3.0
HeStutters,15,87,11128480,11176480,0,0,0,2,1,0,0,1,1,3,0,0,Valid,,Block,Validation,HeStutters_Ep15,HeStutters_15_87,data\processed\clips\HeStutters_15_87.wav,3.0
HeStutters,15,89,11240640,11288640,0,0,0,0,0,3,0,1,0,2,0,0,Valid,,Repetition,Validation,HeStutters_Ep15,HeStutters_15_89,data\processed\clips\HeStutters_15_89.wav,3.0
HeStutters,15,90,11274400,11322400,0,0,0,0,0,3,0,1,0,2,0,0,Valid,,Repetition,Validation,HeStutters_Ep15,HeStutters_15_90,data\processed\clips\HeStutters_15_90.wav,3.0
HeStutters,15,91,11498720,11546720,0,0,0,0,0,0,0,0,3,0,0,0,Valid,,Fluent,Validation,HeStutters_Ep15,HeStutters_15_91,data\processed\clips\HeStutters_15_91.wav,3.0
HeStutters,15,95,12053280,12101280,0,0,0,0,0,0,0,2,3,1,0,0,Valid,,Fluent,Validation,HeStutters_Ep15,HeStutters_15_95,data\processed\clips\HeStutters_15_95.wav,3.0
HeStutters,15,100,14333280,14381280,0,0,2,0,0,0,0,3,1,1,0,0,Valid,,Prolongation,Validation,HeStutters_Ep15,HeStutters_15_100,data\processed\clips\HeStutters_15_100.wav,3.0
HeStutters,15,102,15201280,15249280,0,0,0,0,3,0,0,1,0,0,0,0,Valid,,Repetition,Validation,HeStutters_Ep15,HeStutters_15_102,data\processed\clips\HeStutters_15_102.wav,3.0
HeStutters,15,103,15252160,15300160,0,0,0,0,0,2,0,0,1,0,0,0,Valid,,Repetition,Validation,HeStutters_Ep15,HeStutters_15_103,data\processed\clips\HeStutters_15_103.wav,3.0
HeStutters,15,104,15366240,15414240,0,0,0,0,0,0,0,1,3,1,0,0,Valid,,Fluent,Validation,HeStutters_Ep15,HeStutters_15_104,data\processed\clips\HeStutters_15_104.wav,3.0
HeStutters,15,105,15396000,15444000,0,0,0,0,3,0,0,1,0,0,0,0,Valid,,Repetition,Validation,HeStutters_Ep15,HeStutters_15_105,data\processed\clips\HeStutters_15_105.wav,3.0
HeStutters,15,106,15483680,15531680,0,0,2,0,0,0,0,3,1,0,0,0,Valid,,Prolongation,Validation,HeStutters_Ep15,HeStutters_15_106,data\processed\clips\HeStutters_15_106.wav,3.0
HeStutters,15,107,15523200,15571200,0,0,0,2,1,0,1,1,1,0,0,0,Valid,,Block,Validation,HeStutters_Ep15,HeStutters_15_107,data\processed\clips\HeStutters_15_107.wav,3.0
HeStutters,15,109,16246400,16294400,0,0,2,1,1,0,0,3,0,1,0,0,Valid,,Prolongation,Validation,HeStutters_Ep15,HeStutters_15_109,data\processed\clips\HeStutters_15_109.wav,3.0
HeStutters,15,110,16279200,16327200,0,0,0,1,2,0,0,1,0,0,0,0,Valid,,Repetition,Validation,HeStutters_Ep15,HeStutters_15_110,data\processed\clips\HeStutters_15_110.wav,3.0
HeStutters,15,112,16424640,16472640,0,0,3,0,0,0,0,0,0,0,0,0,Valid,,Prolongation,Validation,HeStutters_Ep15,HeStutters_15_112,data\processed\clips\HeStutters_15_112.wav,3.0
HeStutters,15,114,16654080,16702080,0,0,0,0,0,2,0,3,1,0,0,0,Valid,,Repetition,Validation,HeStutters_Ep15,HeStutters_15_114,data\processed\clips\HeStutters_15_114.wav,3.0
HeStutters,15,116,17459040,17507040,0,0,0,0,0,3,0,1,0,1,0,0,Valid,,Repetition,Validation,HeStutters_Ep15,HeStutters_15_116,data\processed\clips\HeStutters_15_116.wav,3.0
HeStutters,15,117,2018240,2066240,0,0,1,1,2,0,1,0,0,0,0,0,Valid,,Repetition,Validation,HeStutters_Ep15,HeStutters_15_117,data\processed\clips\HeStutters_15_117.wav,3.0
HeStutters,15,118,2076000,2124000,0,0,0,0,0,0,0,1,3,1,0,0,Valid,,Fluent,Validation,HeStutters_Ep15,HeStutters_15_118,data\processed\clips\HeStutters_15_118.wav,3.0
HeStutters,15,119,17565760,17613760,0,0,0,0,0,2,1,0,1,0,0,0,Valid,,Repetition,Validation,HeStutters_Ep15,HeStutters_15_119,data\processed\clips\HeStutters_15_119.wav,3.0
HeStutters,15,121,17653760,17701760,0,0,1,0,0,3,0,0,0,0,0,0,Valid,,Repetition,Validation,HeStutters_Ep15,HeStutters_15_121,data\processed\clips\HeStutters_15_121.wav,3.0
HeStutters,15,123,18584640,18632640,0,0,0,0,0,0,0,2,3,1,0,0,Valid,,Fluent,Validation,HeStutters_Ep15,HeStutters_15_123,data\processed\clips\HeStutters_15_123.wav,3.0
HeStutters,15,124,18605440,18653440,0,0,0,1,1,3,0,0,0,0,0,0,Valid,,Repetition,Validation,HeStutters_Ep15,HeStutters_15_124,data\processed\clips\HeStutters_15_124.wav,3.0
HeStutters,15,125,18731360,18779360,0,0,0,0,0,3,0,1,0,0,0,0,Valid,,Repetition,Validation,HeStutters_Ep15,HeStutters_15_125,data\processed\clips\HeStutters_15_125.wav,3.0
HeStutters,15,127,18923840,18971840,0,0,0,0,0,0,0,0,3,1,0,0,Valid,,Fluent,Validation,HeStutters_Ep15,HeStutters_15_127,data\processed\clips\HeStutters_15_127.wav,3.0
HeStutters,15,128,18951360,18999360,0,0,0,0,0,0,0,0,3,1,0,0,Valid,,Fluent,Validation,HeStutters_Ep15,HeStutters_15_128,data\processed\clips\HeStutters_15_128.wav,3.0
HeStutters,15,129,18998080,19046080,0,0,3,0,0,0,0,3,0,0,0,0,Valid,,Prolongation,Validation,HeStutters_Ep15,HeStutters_15_129,data\processed\clips\HeStutters_15_129.wav,3.0
HeStutters,15,130,19644960,19692960,0,0,2,0,0,0,0,1,1,0,0,0,Valid,,Prolongation,Validation,HeStutters_Ep15,HeStutters_15_130,data\processed\clips\HeStutters_15_130.wav,3.0
HeStutters,15,133,20068480,20116480,0,0,2,0,1,0,1,0,0,0,0,0,Valid,,Prolongation,Validation,HeStutters_Ep15,HeStutters_15_133,data\processed\clips\HeStutters_15_133.wav,3.0
HeStutters,15,135,20246240,20294240,0,0,1,0,1,2,0,0,1,0,0,0,Valid,,Repetition,Validation,HeStutters_Ep15,HeStutters_15_135,data\processed\clips\HeStutters_15_135.wav,3.0
HeStutters,15,136,2164320,2212320,0,1,1,2,0,0,0,1,1,0,0,0,Valid,,Block,Validation,HeStutters_Ep15,HeStutters_15_136,data\processed\clips\HeStutters_15_136.wav,3.0
HeStutters,15,137,20525120,20573120,0,0,0,0,0,3,0,2,0,1,0,0,Valid,,Repetition,Validation,HeStutters_Ep15,HeStutters_15_137,data\processed\clips\HeStutters_15_137.wav,3.0
HeStutters,15,138,20554560,20602560,0,0,0,0,0,0,0,0,3,1,0,0,Valid,,Fluent,Validation,HeStutters_Ep15,HeStutters_15_138,data\processed\clips\HeStutters_15_138.wav,3.0
HeStutters,15,139,20623360,20671360,0,0,0,0,0,0,0,0,3,0,0,0,Valid,,Fluent,Validation,HeStutters_Ep15,HeStutters_15_139,data\processed\clips\HeStutters_15_139.wav,3.0
HeStutters,15,140,20660000,20708000,0,0,0,0,0,0,0,3,3,0,0,0,Valid,,Fluent,Validation,HeStutters_Ep15,HeStutters_15_140,data\processed\clips\HeStutters_15_140.wav,3.0
HeStutters,15,141,20801120,20849120,0,0,0,0,0,0,0,1,3,1,0,0,Valid,,Fluent,Validation,HeStutters_Ep15,HeStutters_15_141,data\processed\clips\HeStutters_15_141.wav,3.0
HeStutters,15,147,22234240,22282240,0,0,0,0,0,3,0,1,0,0,0,0,Valid,,Repetition,Validation,HeStutters_Ep15,HeStutters_15_147,data\processed\clips\HeStutters_15_147.wav,3.0
HeStutters,15,148,22278880,22326880,0,0,0,0,0,0,0,0,3,3,0,0,Valid,,Fluent,Validation,HeStutters_Ep15,HeStutters_15_148,data\processed\clips\HeStutters_15_148.wav,3.0
HeStutters,15,149,22397600,22445600,0,0,0,0,0,3,0,0,0,0,0,0,Valid,,Repetition,Validation,HeStutters_Ep15,HeStutters_15_149,data\processed\clips\HeStutters_15_149.wav,3.0
HeStutters,15,151,22539840,22587840,0,0,2,1,1,0,0,0,0,0,0,0,Valid,,Prolongation,Validation,HeStutters_Ep15,HeStutters_15_151,data\processed\clips\HeStutters_15_151.wav,3.0
HeStutters,15,152,22567840,22615840,0,0,3,0,1,0,0,0,0,1,0,0,Valid,,Prolongation,Validation,HeStutters_Ep15,HeStutters_15_152,data\processed\clips\HeStutters_15_152.wav,3.0
HeStutters,15,155,23523040,23571040,0,0,3,0,0,0,1,3,0,0,0,0,Valid,,Prolongation,Validation,HeStutters_Ep15,HeStutters_15_155,data\processed\clips\HeStutters_15_155.wav,3.0
HeStutters,15,159,23916160,23964160,0,0,0,0,0,0,0,0,3,1,0,0,Valid,,Fluent,Validation,HeStutters_Ep15,HeStutters_15_159,data\processed\clips\HeStutters_15_159.wav,3.0
HeStutters,15,160,23951680,23999680,0,0,2,1,0,1,0,1,0,0,0,0,Valid,,Prolongation,Validation,HeStutters_Ep15,HeStutters_15_160,data\processed\clips\HeStutters_15_160.wav,3.0
HeStutters,15,163,24313280,24361280,0,0,0,0,0,0,0,0,3,1,0,0,Valid,,Fluent,Validation,HeStutters_Ep15,HeStutters_15_163,data\processed\clips\HeStutters_15_163.wav,3.0
HeStutters,15,164,24389760,24437760,0,0,0,0,0,0,0,0,3,0,0,0,Valid,,Fluent,Validation,HeStutters_Ep15,HeStutters_15_164,data\processed\clips\HeStutters_15_164.wav,3.0
HeStutters,15,166,24603040,24651040,0,0,1,1,0,3,0,2,0,0,0,0,Valid,,Repetition,Validation,HeStutters_Ep15,HeStutters_15_166,data\processed\clips\HeStutters_15_166.wav,3.0
HeStutters,15,167,24631680,24679680,0,0,1,1,2,0,0,0,0,0,0,0,Valid,,Repetition,Validation,HeStutters_Ep15,HeStutters_15_167,data\processed\clips\HeStutters_15_167.wav,3.0
HeStutters,15,168,24647360,24695360,0,0,1,2,1,0,1,0,1,0,0,1,Valid,,Block,Validation,HeStutters_Ep15,HeStutters_15_168,data\processed\clips\HeStutters_15_168.wav,3.0
HeStutters,15,171,24848640,24896640,0,0,3,1,0,0,0,1,0,0,0,0,Valid,,Prolongation,Validation,HeStutters_Ep15,HeStutters_15_171,data\processed\clips\HeStutters_15_171.wav,3.0
HeStutters,15,175,26036640,26084640,0,0,2,0,0,0,0,3,1,2,0,0,Valid,,Prolongation,Validation,HeStutters_Ep15,HeStutters_15_175,data\processed\clips\HeStutters_15_175.wav,3.0
HeStutters,15,176,2878080,2926080,0,0,2,1,1,0,0,1,0,0,0,0,Valid,,Prolongation,Validation,HeStutters_Ep15,HeStutters_15_176,data\processed\clips\HeStutters_15_176.wav,3.0
HeStutters,15,178,26363520,26411520,0,0,1,0,0,3,0,2,0,1,0,0,Valid,,Repetition,Validation,HeStutters_Ep15,HeStutters_15_178,data\processed\clips\HeStutters_15_178.wav,3.0
HeStutters,15,184,27359520,27407520,0,0,1,2,0,0,0,2,0,1,0,1,Valid,,Block,Validation,HeStutters_Ep15,HeStutters_15_184,data\processed\clips\HeStutters_15_184.wav,3.0
HeStutters,15,187,27657920,27705920,0,0,0,0,0,3,0,0,0,0,0,0,Valid,,Repetition,Validation,HeStutters_Ep15,HeStutters_15_187,data\processed\clips\HeStutters_15_187.wav,3.0
HeStutters,15,188,27787680,27835680,0,0,0,0,0,0,0,0,3,0,0,0,Valid,,Fluent,Validation,HeStutters_Ep15,HeStutters_15_188,data\processed\clips\HeStutters_15_188.wav,3.0
HeStutters,15,193,28395040,28443040,0,0,3,0,0,0,0,0,1,0,0,1,Valid,,Prolongation,Validation,HeStutters_Ep15,HeStutters_15_193,data\processed\clips\HeStutters_15_193.wav,3.0
HeStutters,16,2,42620960,42668960,0,0,2,1,0,0,0,0,1,1,0,0,Valid,,Prolongation,Test,HeStutters_Ep16,HeStutters_16_2,data\processed\clips\HeStutters_16_2.wav,3.0
HeStutters,16,5,42765600,42813600,0,0,0,2,0,1,0,3,1,1,0,0,Valid,,Block,Test,HeStutters_Ep16,HeStutters_16_5,data\processed\clips\HeStutters_16_5.wav,3.0
HeStutters,16,6,42837120,42885120,0,0,3,0,0,0,0,0,0,0,0,0,Valid,,Prolongation,Test,HeStutters_Ep16,HeStutters_16_6,data\processed\clips\HeStutters_16_6.wav,3.0
HeStutters,16,7,42864480,42912480,0,0,0,1,0,2,0,1,0,0,0,0,Valid,,Repetition,Test,HeStutters_Ep16,HeStutters_16_7,data\processed\clips\HeStutters_16_7.wav,3.0
HeStutters,16,9,43052960,43100960,0,0,1,2,0,0,0,0,1,0,0,0,Valid,,Block,Test,HeStutters_Ep16,HeStutters_16_9,data\processed\clips\HeStutters_16_9.wav,3.0
HeStutters,16,11,43354080,43402080,0,0,0,0,0,0,0,0,3,0,0,0,Valid,,Fluent,Test,HeStutters_Ep16,HeStutters_16_11,data\processed\clips\HeStutters_16_11.wav,3.0
HeStutters,16,13,43522560,43570560,0,0,1,0,0,3,0,0,0,1,0,0,Valid,,Repetition,Test,HeStutters_Ep16,HeStutters_16_13,data\processed\clips\HeStutters_16_13.wav,3.0
HeStutters,16,14,43549600,43597600,0,0,3,0,0,0,0,1,0,0,0,0,Valid,,Prolongation,Test,HeStutters_Ep16,HeStutters_16_14,data\processed\clips\HeStutters_16_14.wav,3.0
HeStutters,16,16,43728480,43776480,0,0,2,0,0,0,0,3,1,1,0,0,Valid,,Prolongation,Test,HeStutters_Ep16,HeStutters_16_16,data\processed\clips\HeStutters_16_16.wav,3.0
HeStutters,16,17,43755360,43803360,0,0,0,0,0,0,0,1,3,2,0,0,Valid,,Fluent,Test,HeStutters_Ep16,HeStutters_16_17,data\processed\clips\HeStutters_16_17.wav,3.0
HeStutters,16,20,43937920,43985920,0,0,2,0,0,0,0,1,1,1,0,0,Valid,,Prolongation,Test,HeStutters_Ep16,HeStutters_16_20,data\processed\clips\HeStutters_16_20.wav,3.0
HeStutters,16,27,44374720,44422720,0,0,1,0,1,2,0,0,0,0,0,0,Valid,,Repetition,Test,HeStutters_Ep16,HeStutters_16_27,data\processed\clips\HeStutters_16_27.wav,3.0
HeStutters,16,29,44478720,44526720,0,0,0,0,0,0,0,1,3,1,0,0,Valid,,Fluent,Test,HeStutters_Ep16,HeStutters_16_29,data\processed\clips\HeStutters_16_29.wav,3.0
HeStutters,16,31,44791200,44839200,0,0,0,0,1,2,0,1,0,3,0,0,Valid,,Repetition,Test,HeStutters_Ep16,HeStutters_16_31,data\processed\clips\HeStutters_16_31.wav,3.0
HeStutters,16,32,44976160,45024160,0,0,0,2,1,0,0,1,0,1,0,0,Valid,,Block,Test,HeStutters_Ep16,HeStutters_16_32,data\processed\clips\HeStutters_16_32.wav,3.0
HeStutters,16,33,45007040,45055040,0,1,0,2,0,0,0,0,1,0,0,1,Valid,,Block,Test,HeStutters_Ep16,HeStutters_16_33,data\processed\clips\HeStutters_16_33.wav,3.0
HeStutters,16,38,4266720,4314720,0,0,0,2,1,0,1,2,0,0,0,0,Valid,,Block,Test,HeStutters_Ep16,HeStutters_16_38,data\processed\clips\HeStutters_16_38.wav,3.0
HeStutters,16,39,5138560,5186560,0,1,3,0,1,0,1,0,0,0,0,0,Valid,,Prolongation,Test,HeStutters_Ep16,HeStutters_16_39,data\processed\clips\HeStutters_16_39.wav,3.0
HeStutters,16,47,7010720,7058720,0,0,1,1,3,0,0,0,0,0,0,0,Valid,,Repetition,Test,HeStutters_Ep16,HeStutters_16_47,data\processed\clips\HeStutters_16_47.wav,3.0
HeStutters,16,49,7777760,7825760,0,1,3,1,1,0,0,0,0,0,0,0,Valid,,Prolongation,Test,HeStutters_Ep16,HeStutters_16_49,data\processed\clips\HeStutters_16_49.wav,3.0
HeStutters,16,54,1098880,1146880,0,0,2,0,0,0,0,0,1,1,0,0,Valid,,Prolongation,Test,HeStutters_Ep16,HeStutters_16_54,data\processed\clips\HeStutters_16_54.wav,3.0
HeStutters,16,55,1126400,1174400,0,0,0,0,0,0,0,0,3,2,0,0,Valid,,Fluent,Test,HeStutters_Ep16,HeStutters_16_55,data\processed\clips\HeStutters_16_55.wav,3.0
HeStutters,16,56,8610080,8658080,0,0,0,0,0,0,0,1,3,0,0,0,Valid,,Fluent,Test,HeStutters_Ep16,HeStutters_16_56,data\processed\clips\HeStutters_16_56.wav,3.0
HeStutters,16,57,9269760,9317760,0,0,2,1,1,0,1,0,0,0,0,0,Valid,,Prolongation,Test,HeStutters_Ep16,HeStutters_16_57,data\processed\clips\HeStutters_16_57.wav,3.0
HeStutters,16,59,9360160,9408160,0,0,0,1,2,0,1,0,0,0,0,0,Valid,,Repetition,Test,HeStutters_Ep16,HeStutters_16_59,data\processed\clips\HeStutters_16_59.wav,3.0
HeStutters,16,61,9985440,10033440,0,1,2,1,0,0,0,0,0,0,0,0,Valid,,Prolongation,Test,HeStutters_Ep16,HeStutters_16_61,data\processed\clips\HeStutters_16_61.wav,3.0
HeStutters,16,63,10887200,10935200,0,0,0,0,0,0,0,0,3,3,0,0,Valid,,Fluent,Test,HeStutters_Ep16,HeStutters_16_63,data\processed\clips\HeStutters_16_63.wav,3.0
HeStutters,16,65,11245920,11293920,0,0,0,0,0,0,0,0,3,1,0,0,Valid,,Fluent,Test,HeStutters_Ep16,HeStutters_16_65,data\processed\clips\HeStutters_16_65.wav,3.0
HeStutters,16,67,11359680,11407680,0,0,1,0,1,2,0,2,0,0,0,0,Valid,,Repetition,Test,HeStutters_Ep16,HeStutters_16_67,data\processed\clips\HeStutters_16_67.wav,3.0
HeStutters,16,68,11408000,11456000,0,0,2,0,0,0,0,0,1,1,0,0,Valid,,Prolongation,Test,HeStutters_Ep16,HeStutters_16_68,data\processed\clips\HeStutters_16_68.wav,3.0
HeStutters,16,70,11690400,11738400,0,0,3,0,1,0,0,1,0,0,0,0,Valid,,Prolongation,Test,HeStutters_Ep16,HeStutters_16_70,data\processed\clips\HeStutters_16_70.wav,3.0
HeStutters,16,71,1200800,1248800,0,0,0,0,0,3,0,0,0,1,0,0,Valid,,Repetition,Test,HeStutters_Ep16,HeStutters_16_71,data\processed\clips\HeStutters_16_71.wav,3.0
HeStutters,16,74,13189440,13237440,0,1,3,0,0,0,0,3,1,1,0,0,Valid,,Prolongation,Test,HeStutters_Ep16,HeStutters_16_74,data\processed\clips\HeStutters_16_74.wav,3.0
HeStutters,16,76,13714560,13762560,0,1,0,3,1,0,1,0,0,0,0,0,Valid,,Block,Test,HeStutters_Ep16,HeStutters_16_76,data\processed\clips\HeStutters_16_76.wav,3.0
HeStutters,16,77,13856320,13904320,0,0,1,1,3,0,1,2,0,0,0,0,Valid,,Repetition,Test,HeStutters_Ep16,HeStutters_16_77,data\processed\clips\HeStutters_16_77.wav,3.0
HeStutters,16,88,15740800,15788800,0,0,1,2,1,0,1,0,0,0,0,0,Valid,,Block,Test,HeStutters_Ep16,HeStutters_16_88,data\processed\clips\HeStutters_16_88.wav,3.0
HeStutters,16,90,1736800,1784800,0,0,3,0,0,0,0,0,0,1,0,0,Valid,,Prolongation,Test,HeStutters_Ep16,HeStutters_16_90,data\processed\clips\HeStutters_16_90.wav,3.0
HeStutters,16,94,16200000,16248000,0,1,0,1,3,0,1,1,0,0,0,0,Valid,,Repetition,Test,HeStutters_Ep16,HeStutters_16_94,data\processed\clips\HeStutters_16_94.wav,3.0
HeStutters,16,97,16989120,17037120,0,0,1,0,0,3,0,3,0,0,0,0,Valid,,Repetition,Test,HeStutters_Ep16,HeStutters_16_97,data\processed\clips\HeStutters_16_97.wav,3.0
HeStutters,16,99,17275200,17323200,0,0,2,1,0,0,0,0,1,0,0,0,Valid,,Prolongation,Test,HeStutters_Ep16,HeStutters_16_99,data\processed\clips\HeStutters_16_99.wav,3.0
HeStutters,16,100,17334080,17382080,0,0,0,2,1,0,0,0,1,0,0,0,Valid,,Block,Test,HeStutters_Ep16,HeStutters_16_100,data\processed\clips\HeStutters_16_100.wav,3.0
HeStutters,16,102,18963680,19011680,0,0,3,1,0,0,1,1,0,1,0,0,Valid,,Prolongation,Test,HeStutters_Ep16,HeStutters_16_102,data\processed\clips\HeStutters_16_102.wav,3.0
HeStutters,16,107,20596640,20644640,0,0,1,2,1,0,0,0,1,0,0,0,Valid,,Block,Test,HeStutters_Ep16,HeStutters_16_107,data\processed\clips\HeStutters_16_107.wav,3.0
HeStutters,16,110,21297120,21345120,0,0,0,3,1,0,1,0,0,0,0,0,Valid,,Block,Test,HeStutters_Ep16,HeStutters_16_110,data\processed\clips\HeStutters_16_110.wav,3.0
HeStutters,16,112,2184160,2232160,0,0,3,0,0,0,0,3,0,0,0,0,Valid,,Prolongation,Test,HeStutters_Ep16,HeStutters_16_112,data\processed\clips\HeStutters_16_112.wav,3.0
HeStutters,16,113,21528160,21576160,0,0,0,2,0,0,0,0,1,1,0,0,Valid,,Block,Test,HeStutters_Ep16,HeStutters_16_113,data\processed\clips\HeStutters_16_113.wav,3.0
HeStutters,16,114,21554240,21602240,0,0,1,1,3,1,0,0,0,0,0,0,Valid,,Repetition,Test,HeStutters_Ep16,HeStutters_16_114,data\processed\clips\HeStutters_16_114.wav,3.0
HeStutters,16,115,21883840,21931840,0,0,1,1,2,0,1,0,1,0,0,1,Valid,,Repetition,Test,HeStutters_Ep16,HeStutters_16_115,data\processed\clips\HeStutters_16_115.wav,3.0
HeStutters,16,117,21971680,22019680,0,0,0,3,0,1,0,0,0,0,0,0,Valid,,Block,Test,HeStutters_Ep16,HeStutters_16_117,data\processed\clips\HeStutters_16_117.wav,3.0
HeStutters,16,120,23162560,23210560,1,1,0,2,0,0,1,0,0,0,0,0,Valid,,Block,Test,HeStutters_Ep16,HeStutters_16_120,data\processed\clips\HeStutters_16_120.wav,3.0
HeStutters,16,127,24258240,24306240,0,0,0,0,0,0,0,0,3,2,0,0,Valid,,Fluent,Test,HeStutters_Ep16,HeStutters_16_127,data\processed\clips\HeStutters_16_127.wav,3.0
HeStutters,16,128,24287200,24335200,0,0,0,2,1,1,0,0,0,0,0,1,Valid,,Block,Test,HeStutters_Ep16,HeStutters_16_128,data\processed\clips\HeStutters_16_128.wav,3.0
HeStutters,16,129,2427840,2475840,0,0,0,0,3,0,1,0,0,0,0,0,Valid,,Repetition,Test,HeStutters_Ep16,HeStutters_16_129,data\processed\clips\HeStutters_16_129.wav,3.0
HeStutters,16,131,24419040,24467040,0,0,0,0,1,3,0,0,0,1,0,0,Valid,,Repetition,Test,HeStutters_Ep16,HeStutters_16_131,data\processed\clips\HeStutters_16_131.wav,3.0
HeStutters,16,133,24469280,24517280,0,0,2,0,0,0,0,3,1,0,0,0,Valid,,Prolongation,Test,HeStutters_Ep16,HeStutters_16_133,data\processed\clips\HeStutters_16_133.wav,3.0
HeStutters,16,134,24552000,24600000,0,0,0,0,0,0,0,3,3,1,0,0,Valid,,Fluent,Test,HeStutters_Ep16,HeStutters_16_134,data\processed\clips\HeStutters_16_134.wav,3.0
HeStutters,16,135,24579360,24627360,0,0,2,0,0,0,0,2,1,0,0,0,Valid,,Prolongation,Test,HeStutters_Ep16,HeStutters_16_135,data\processed\clips\HeStutters_16_135.wav,3.0
HeStutters,16,136,25482880,25530880,0,1,1,0,2,1,1,0,0,0,0,0,Valid,,Repetition,Test,HeStutters_Ep16,HeStutters_16_136,data\processed\clips\HeStutters_16_136.wav,3.0
HeStutters,16,137,25509440,25557440,0,1,1,1,2,0,1,0,0,0,0,0,Valid,,Repetition,Test,HeStutters_Ep16,HeStutters_16_137,data\processed\clips\HeStutters_16_137.wav,3.0
HeStutters,16,138,25874080,25922080,1,1,0,2,1,0,1,0,0,0,0,0,Valid,,Block,Test,HeStutters_Ep16,HeStutters_16_138,data\processed\clips\HeStutters_16_138.wav,3.0
HeStutters,16,140,25948800,25996800,0,1,3,0,1,0,0,0,0,0,0,0,Valid,,Prolongation,Test,HeStutters_Ep16,HeStutters_16_140,data\processed\clips\HeStutters_16_140.wav,3.0
HeStutters,16,142,26064000,26112000,0,0,0,2,0,0,0,0,1,0,0,0,Valid,,Block,Test,HeStutters_Ep16,HeStutters_16_142,data\processed\clips\HeStutters_16_142.wav,3.0
HeStutters,16,144,26361440,26409440,0,0,0,1,1,2,0,3,0,0,0,0,Valid,,Repetition,Test,HeStutters_Ep16,HeStutters_16_144,data\processed\clips\HeStutters_16_144.wav,3.0
HeStutters,16,147,26681600,26729600,0,0,2,0,0,0,0,1,1,0,0,0,Valid,,Prolongation,Test,HeStutters_Ep16,HeStutters_16_147,data\processed\clips\HeStutters_16_147.wav,3.0
HeStutters,16,148,26820640,26868640,0,0,1,3,0,0,0,2,0,0,0,0,Valid,,Block,Test,HeStutters_Ep16,HeStutters_16_148,data\processed\clips\HeStutters_16_148.wav,3.0
HeStutters,16,150,2499520,2547520,0,0,0,1,3,0,1,0,0,0,0,0,Valid,,Repetition,Test,HeStutters_Ep16,HeStutters_16_150,data\processed\clips\HeStutters_16_150.wav,3.0
HeStutters,16,151,2532480,2580480,0,0,2,1,1,0,1,0,0,0,0,0,Valid,,Prolongation,Test,HeStutters_Ep16,HeStutters_16_151,data\processed\clips\HeStutters_16_151.wav,3.0
HeStutters,16,159,30507520,30555520,0,0,2,0,0,1,0,0,0,0,0,0,Valid,,Prolongation,Test,HeStutters_Ep16,HeStutters_16_159,data\processed\clips\HeStutters_16_159.wav,3.0
HeStutters,16,160,30538240,30586240,0,0,0,2,0,1,0,0,1,1,0,0,Valid,,Block,Test,HeStutters_Ep16,HeStutters_16_160,data\processed\clips\HeStutters_16_160.wav,3.0
HeStutters,16,165,31977440,32025440,1,0,1,2,0,0,0,0,1,0,0,0,Valid,,Block,Test,HeStutters_Ep16,HeStutters_16_165,data\processed\clips\HeStutters_16_165.wav,3.0
HeStutters,16,166,32208960,32256960,0,0,3,0,1,0,1,1,0,0,0,0,Valid,,Prolongation,Test,HeStutters_Ep16,HeStutters_16_166,data\processed\clips\HeStutters_16_166.wav,3.0
HeStutters,16,167,32240480,32288480,0,0,0,1,2,0,1,1,1,0,0,0,Valid,,Repetition,Test,HeStutters_Ep16,HeStutters_16_167,data\processed\clips\HeStutters_16_167.wav,3.0
HeStutters,16,168,32839680,32887680,0,0,0,1,3,0,0,0,0,0,0,0,Valid,,Repetition,Test,HeStutters_Ep16,HeStutters_16_168,data\processed\clips\HeStutters_16_168.wav,3.0
HeStutters,16,170,2573920,2621920,0,0,1,1,3,0,1,3,0,0,0,0,Valid,,Repetition,Test,HeStutters_Ep16,HeStutters_16_170,data\processed\clips\HeStutters_16_170.wav,3.0
HeStutters,16,175,33297120,33345120,0,0,0,0,3,0,1,0,0,0,0,0,Valid,,Repetition,Test,HeStutters_Ep16,HeStutters_16_175,data\processed\clips\HeStutters_16_175.wav,3.0
HeStutters,16,177,33465760,33513760,0,0,0,2,0,0,0,1,1,0,0,0,Valid,,Block,Test,HeStutters_Ep16,HeStutters_16_177,data\processed\clips\HeStutters_16_177.wav,3.0
HeStutters,16,183,35459520,35507520,0,0,3,1,0,0,0,2,0,0,0,0,Valid,,Prolongation,Test,HeStutters_Ep16,HeStutters_16_183,data\processed\clips\HeStutters_16_183.wav,3.0
HeStutters,16,184,35986560,36034560,0,1,0,0,0,0,1,0,3,1,0,1,Valid,,Fluent,Test,HeStutters_Ep16,HeStutters_16_184,data\processed\clips\HeStutters_16_184.wav,3.0
HeStutters,16,185,36018240,36066240,0,0,0,0,0,3,0,3,0,1,0,0,Valid,,Repetition,Test,HeStutters_Ep16,HeStutters_16_185,data\processed\clips\HeStutters_16_185.wav,3.0
HeStutters,16,186,36892640,36940640,0,0,0,0,0,0,0,2,3,0,0,0,Valid,,Fluent,Test,HeStutters_Ep16,HeStutters_16_186,data\processed\clips\HeStutters_16_186.wav,3.0
HeStutters,16,187,36934080,36982080,0,0,0,0,0,0,0,0,3,0,0,0,Valid,,Fluent,Test,HeStutters_Ep16,HeStutters_16_187,data\processed\clips\HeStutters_16_187.wav,3.0
HeStutters,16,189,37046080,37094080,0,0,0,0,0,0,0,0,3,0,0,0,Valid,,Fluent,Test,HeStutters_Ep16,HeStutters_16_189,data\processed\clips\HeStutters_16_189.wav,3.0
HeStutters,16,190,37088800,37136800,0,0,2,0,0,0,0,0,1,0,0,0,Valid,,Prolongation,Test,HeStutters_Ep16,HeStutters_16_190,data\processed\clips\HeStutters_16_190.wav,3.0
HeStutters,16,193,39486400,39534400,0,0,1,1,3,0,0,2,0,0,0,0,Valid,,Repetition,Test,HeStutters_Ep16,HeStutters_16_193,data\processed\clips\HeStutters_16_193.wav,3.0
HeStutters,16,198,40887680,40935680,0,1,1,2,1,0,1,0,1,0,0,0,Valid,,Block,Test,HeStutters_Ep16,HeStutters_16_198,data\processed\clips\HeStutters_16_198.wav,3.0
HeStutters,16,200,40988480,41036480,0,0,1,1,2,1,0,1,0,0,0,0,Valid,,Repetition,Test,HeStutters_Ep16,HeStutters_16_200,data\processed\clips\HeStutters_16_200.wav,3.0
HeStutters,16,205,42008960,42056960,0,0,0,0,0,3,0,2,0,1,0,0,Valid,,Repetition,Test,HeStutters_Ep16,HeStutters_16_205,data\processed\clips\HeStutters_16_205.wav,3.0
HeStutters,16,206,42051520,42099520,0,1,1,1,2,0,0,1,1,0,0,0,Valid,,Repetition,Test,HeStutters_Ep16,HeStutters_16_206,data\processed\clips\HeStutters_16_206.wav,3.0
HeStutters,16,209,42380320,42428320,0,0,0,1,2,1,0,0,0,0,0,0,Valid,,Repetition,Test,HeStutters_Ep16,HeStutters_16_209,data\processed\clips\HeStutters_16_209.wav,3.0
HeStutters,16,210,42489600,42537600,0,0,0,0,0,0,0,0,3,1,0,0,Valid,,Fluent,Test,HeStutters_Ep16,HeStutters_16_210,data\processed\clips\HeStutters_16_210.wav,3.0
HeStutters,16,211,42516640,42564640,0,0,2,0,0,0,0,0,1,0,0,0,Valid,,Prolongation,Test,HeStutters_Ep16,HeStutters_16_211,data\processed\clips\HeStutters_16_211.wav,3.0
HeStutters,16,213,3872000,3920000,0,1,1,3,1,0,0,0,0,0,0,0,Valid,,Block,Test,HeStutters_Ep16,HeStutters_16_213,data\processed\clips\HeStutters_16_213.wav,3.0
WomenWhoStutter,0,0,1247680,1295680,0,0,2,0,0,0,0,1,1,0,0,0,Valid,,Prolongation,Train,WomenWhoStutter_Ep0,WomenWhoStutter_0_0,data\processed\clips\WomenWhoStutter_0_0.wav,3.0
WomenWhoStutter,0,8,25349440,25397440,0,0,2,0,1,0,0,0,0,0,0,0,Valid,,Prolongation,Train,WomenWhoStutter_Ep0,WomenWhoStutter_0_8,data\processed\clips\WomenWhoStutter_0_8.wav,3.0
WomenWhoStutter,0,9,25385280,25433280,0,0,0,0,3,0,0,0,0,0,0,0,Valid,,Repetition,Train,WomenWhoStutter_Ep0,WomenWhoStutter_0_9,data\processed\clips\WomenWhoStutter_0_9.wav,3.0
WomenWhoStutter,0,11,26077280,26125280,0,0,0,3,1,0,1,0,0,0,0,0,Valid,,Block,Train,WomenWhoStutter_Ep0,WomenWhoStutter_0_11,data\processed\clips\WomenWhoStutter_0_11.wav,3.0
WomenWhoStutter,0,13,26275840,26323840,0,0,0,0,2,0,1,0,1,0,0,1,Valid,,Repetition,Train,WomenWhoStutter_Ep0,WomenWhoStutter_0_13,data\processed\clips\WomenWhoStutter_0_13.wav,3.0
WomenWhoStutter,0,14,26319200,26367200,0,0,0,0,2,0,1,0,1,0,0,0,Valid,,Repetition,Train,WomenWhoStutter_Ep0,WomenWhoStutter_0_14,data\processed\clips\WomenWhoStutter_0_14.wav,3.0
WomenWhoStutter,0,17,27298560,27346560,0,1,1,2,0,0,1,0,0,0,0,0,Valid,,Block,Train,WomenWhoStutter_Ep0,WomenWhoStutter_0_17,data\processed\clips\WomenWhoStutter_0_17.wav,3.0
WomenWhoStutter,0,19,27405120,27453120,0,0,3,1,1,0,1,0,0,0,0,0,Valid,,Prolongation,Train,WomenWhoStutter_Ep0,WomenWhoStutter_0_19,data\processed\clips\WomenWhoStutter_0_19.wav,3.0
WomenWhoStutter,0,24,29004160,29052160,0,0,2,0,0,0,0,0,1,0,0,0,Valid,,Prolongation,Train,WomenWhoStutter_Ep0,WomenWhoStutter_0_24,data\processed\clips\WomenWhoStutter_0_24.wav,3.0
WomenWhoStutter,0,34,3064640,3112640,0,0,3,1,1,0,0,1,0,0,0,0,Valid,,Prolongation,Train,WomenWhoStutter_Ep0,WomenWhoStutter_0_34,data\processed\clips\WomenWhoStutter_0_34.wav,3.0
WomenWhoStutter,0,36,30559680,30607680,0,0,3,0,0,0,0,0,0,0,0,0,Valid,,Prolongation,Train,WomenWhoStutter_Ep0,WomenWhoStutter_0_36,data\processed\clips\WomenWhoStutter_0_36.wav,3.0
WomenWhoStutter,0,40,30722080,30770080,0,0,0,2,1,1,0,0,0,0,0,0,Valid,,Block,Train,WomenWhoStutter_Ep0,WomenWhoStutter_0_40,data\processed\clips\WomenWhoStutter_0_40.wav,3.0
WomenWhoStutter,0,44,31569920,31617920,0,1,3,1,1,0,1,0,0,0,0,0,Valid,,Prolongation,Train,WomenWhoStutter_Ep0,WomenWhoStutter_0_44,data\processed\clips\WomenWhoStutter_0_44.wav,3.0
WomenWhoStutter,0,45,31769760,31817760,0,0,3,0,0,0,0,0,0,0,0,0,Valid,,Prolongation,Train,WomenWhoStutter_Ep0,WomenWhoStutter_0_45,data\processed\clips\WomenWhoStutter_0_45.wav,3.0
WomenWhoStutter,0,49,32594880,32642880,0,0,0,0,0,0,0,3,3,0,0,0,Valid,,Fluent,Train,WomenWhoStutter_Ep0,WomenWhoStutter_0_49,data\processed\clips\WomenWhoStutter_0_49.wav,3.0
WomenWhoStutter,0,51,32665120,32713120,0,0,0,1,2,0,0,0,0,0,0,0,Valid,,Repetition,Train,WomenWhoStutter_Ep0,WomenWhoStutter_0_51,data\processed\clips\WomenWhoStutter_0_51.wav,3.0
WomenWhoStutter,0,53,32742400,32790400,0,0,1,1,3,0,0,1,0,1,0,0,Valid,,Repetition,Train,WomenWhoStutter_Ep0,WomenWhoStutter_0_53,data\processed\clips\WomenWhoStutter_0_53.wav,3.0
WomenWhoStutter,0,55,32810720,32858720,0,0,1,2,0,0,0,0,0,0,0,0,Valid,,Block,Train,WomenWhoStutter_Ep0,WomenWhoStutter_0_55,data\processed\clips\WomenWhoStutter_0_55.wav,3.0
WomenWhoStutter,0,56,32868000,32916000,0,0,3,1,1,0,0,1,0,0,0,0,Valid,,Prolongation,Train,WomenWhoStutter_Ep0,WomenWhoStutter_0_56,data\processed\clips\WomenWhoStutter_0_56.wav,3.0
WomenWhoStutter,0,58,33715360,33763360,0,1,2,0,0,0,0,0,1,0,0,0,Valid,,Prolongation,Train,WomenWhoStutter_Ep0,WomenWhoStutter_0_58,data\processed\clips\WomenWhoStutter_0_58.wav,3.0
WomenWhoStutter,0,60,33892640,33940640,0,0,0,0,0,0,0,0,3,0,0,0,Valid,,Fluent,Train,WomenWhoStutter_Ep0,WomenWhoStutter_0_60,data\processed\clips\WomenWhoStutter_0_60.wav,3.0
WomenWhoStutter,0,62,34503840,34551840,1,1,1,1,2,0,0,0,0,0,0,1,Valid,,Repetition,Train,WomenWhoStutter_Ep0,WomenWhoStutter_0_62,data\processed\clips\WomenWhoStutter_0_62.wav,3.0
WomenWhoStutter,0,63,34989920,35037920,0,0,2,0,0,0,0,0,1,0,0,0,Valid,,Prolongation,Train,WomenWhoStutter_Ep0,WomenWhoStutter_0_63,data\processed\clips\WomenWhoStutter_0_63.wav,3.0
WomenWhoStutter,0,64,35026080,35074080,0,0,2,1,0,0,1,0,0,0,0,0,Valid,,Prolongation,Train,WomenWhoStutter_Ep0,WomenWhoStutter_0_64,data\processed\clips\WomenWhoStutter_0_64.wav,3.0
WomenWhoStutter,0,66,36270240,36318240,0,0,2,1,0,0,1,0,1,0,0,0,Valid,,Prolongation,Train,WomenWhoStutter_Ep0,WomenWhoStutter_0_66,data\processed\clips\WomenWhoStutter_0_66.wav,3.0
WomenWhoStutter,0,67,37169760,37217760,1,0,0,2,0,0,0,0,1,0,0,0,Valid,,Block,Train,WomenWhoStutter_Ep0,WomenWhoStutter_0_67,data\processed\clips\WomenWhoStutter_0_67.wav,3.0
WomenWhoStutter,0,70,3200000,3248000,0,0,0,0,3,0,1,0,0,0,0,0,Valid,,Repetition,Train,WomenWhoStutter_Ep0,WomenWhoStutter_0_70,data\processed\clips\WomenWhoStutter_0_70.wav,3.0
WomenWhoStutter,0,71,37311520,37359520,0,0,0,2,1,0,0,0,0,0,0,0,Valid,,Block,Train,WomenWhoStutter_Ep0,WomenWhoStutter_0_71,data\processed\clips\WomenWhoStutter_0_71.wav,3.0
WomenWhoStutter,0,72,37401440,37449440,0,0,0,1,3,0,0,0,0,0,0,0,Valid,,Repetition,Train,WomenWhoStutter_Ep0,WomenWhoStutter_0_72,data\processed\clips\WomenWhoStutter_0_72.wav,3.0
WomenWhoStutter,0,75,37597120,37645120,0,0,2,1,0,0,1,0,0,0,0,0,Valid,,Prolongation,Train,WomenWhoStutter_Ep0,WomenWhoStutter_0_75,data\processed\clips\WomenWhoStutter_0_75.wav,3.0
WomenWhoStutter,0,77,37676640,37724640,0,0,2,1,0,0,0,0,0,0,0,0,Valid,,Prolongation,Train,WomenWhoStutter_Ep0,WomenWhoStutter_0_77,data\processed\clips\WomenWhoStutter_0_77.wav,3.0
WomenWhoStutter,0,80,37916960,37964960,0,0,2,0,0,0,1,0,1,0,0,0,Valid,,Prolongation,Train,WomenWhoStutter_Ep0,WomenWhoStutter_0_80,data\processed\clips\WomenWhoStutter_0_80.wav,3.0
WomenWhoStutter,0,82,38044800,38092800,0,0,1,0,2,0,0,2,0,0,0,0,Valid,,Repetition,Train,WomenWhoStutter_Ep0,WomenWhoStutter_0_82,data\processed\clips\WomenWhoStutter_0_82.wav,3.0
WomenWhoStutter,0,92,39191040,39239040,0,0,2,0,0,0,0,0,1,0,0,0,Valid,,Prolongation,Train,WomenWhoStutter_Ep0,WomenWhoStutter_0_92,data\processed\clips\WomenWhoStutter_0_92.wav,3.0
WomenWhoStutter,0,93,39224480,39272480,0,1,2,0,0,0,1,0,1,0,0,0,Valid,,Prolongation,Train,WomenWhoStutter_Ep0,WomenWhoStutter_0_93,data\processed\clips\WomenWhoStutter_0_93.wav,3.0
WomenWhoStutter,0,94,39846080,39894080,0,0,2,0,0,0,1,0,1,0,0,0,Valid,,Prolongation,Train,WomenWhoStutter_Ep0,WomenWhoStutter_0_94,data\processed\clips\WomenWhoStutter_0_94.wav,3.0
WomenWhoStutter,0,104,3645760,3693760,0,0,3,0,0,0,1,0,0,0,0,0,Valid,,Prolongation,Train,WomenWhoStutter_Ep0,WomenWhoStutter_0_104,data\processed\clips\WomenWhoStutter_0_104.wav,3.0
WomenWhoStutter,0,105,40572320,40620320,0,0,2,0,1,0,0,0,0,0,0,0,Valid,,Prolongation,Train,WomenWhoStutter_Ep0,WomenWhoStutter_0_105,data\processed\clips\WomenWhoStutter_0_105.wav,3.0
WomenWhoStutter,0,107,40647040,40695040,0,0,0,2,0,0,1,0,1,0,0,1,Valid,,Block,Train,WomenWhoStutter_Ep0,WomenWhoStutter_0_107,data\processed\clips\WomenWhoStutter_0_107.wav,3.0
WomenWhoStutter,0,109,40744960,40792960,0,0,0,2,0,0,0,0,1,0,0,0,Valid,,Block,Train,WomenWhoStutter_Ep0,WomenWhoStutter_0_109,data\processed\clips\WomenWhoStutter_0_109.wav,3.0
WomenWhoStutter,0,111,41007520,41055520,0,0,0,0,3,0,0,0,0,0,0,0,Valid,,Repetition,Train,WomenWhoStutter_Ep0,WomenWhoStutter_0_111,data\processed\clips\WomenWhoStutter_0_111.wav,3.0
WomenWhoStutter,0,119,3797280,3845280,0,0,0,3,0,0,0,1,0,0,0,0,Valid,,Block,Train,WomenWhoStutter_Ep0,WomenWhoStutter_0_119,data\processed\clips\WomenWhoStutter_0_119.wav,3.0
WomenWhoStutter,0,120,41479360,41527360,0,0,1,2,0,0,1,1,0,0,0,0,Valid,,Block,Train,WomenWhoStutter_Ep0,WomenWhoStutter_0_120,data\processed\clips\WomenWhoStutter_0_120.wav,3.0
WomenWhoStutter,0,124,41775840,41823840,0,0,2,0,1,0,0,0,0,0,0,0,Valid,,Prolongation,Train,WomenWhoStutter_Ep0,WomenWhoStutter_0_124,data\processed\clips\WomenWhoStutter_0_124.wav,3.0
WomenWhoStutter,0,125,41810720,41858720,0,0,2,1,0,0,1,0,1,0,0,0,Valid,,Prolongation,Train,WomenWhoStutter_Ep0,WomenWhoStutter_0_125,data\processed\clips\WomenWhoStutter_0_125.wav,3.0
WomenWhoStutter,0,127,41955680,42003680,0,0,0,1,2,0,0,0,1,0,0,1,Valid,,Repetition,Train,WomenWhoStutter_Ep0,WomenWhoStutter_0_127,data\processed\clips\WomenWhoStutter_0_127.wav,3.0
WomenWhoStutter,0,128,42449760,42497760,0,0,1,2,0,0,0,0,1,1,0,0,Valid,,Block,Train,WomenWhoStutter_Ep0,WomenWhoStutter_0_128,data\processed\clips\WomenWhoStutter_0_128.wav,3.0
WomenWhoStutter,0,129,42485120,42533120,0,0,1,0,1,2,0,1,0,0,0,0,Valid,,Repetition,Train,WomenWhoStutter_Ep0,WomenWhoStutter_0_129,data\processed\clips\WomenWhoStutter_0_129.wav,3.0
WomenWhoStutter,0,131,43083040,43131040,1,1,0,2,0,0,1,0,0,0,0,1,Valid,,Block,Train,WomenWhoStutter_Ep0,WomenWhoStutter_0_131,data\processed\clips\WomenWhoStutter_0_131.wav,3.0
WomenWhoStutter,0,133,43220000,43268000,0,0,1,2,0,0,1,0,0,1,0,0,Valid,,Block,Train,WomenWhoStutter_Ep0,WomenWhoStutter_0_133,data\processed\clips\WomenWhoStutter_0_133.wav,3.0
WomenWhoStutter,0,134,43716320,43764320,0,0,1,2,0,0,0,0,1,1,0,0,Valid,,Block,Train,WomenWhoStutter_Ep0,WomenWhoStutter_0_134,data\processed\clips\WomenWhoStutter_0_134.wav,3.0
WomenWhoStutter,0,138,4365920,4413920,0,0,2,1,0,0,1,0,0,0,0,0,Valid,,Prolongation,Train,WomenWhoStutter_Ep0,WomenWhoStutter_0_138,data\processed\clips\WomenWhoStutter_0_138.wav,3.0
WomenWhoStutter,0,141,1309440,1357440,0,0,0,2,1,0,0,0,0,0,0,0,Valid,,Block,Train,WomenWhoStutter_Ep0,WomenWhoStutter_0_141,data\processed\clips\WomenWhoStutter_0_141.wav,3.0
WomenWhoStutter,0,143,4512640,4560640,0,0,0,0,1,3,0,2,0,0,0,0,Valid,,Repetition,Train,WomenWhoStutter_Ep0,WomenWhoStutter_0_143,data\processed\clips\WomenWhoStutter_0_143.wav,3.0
WomenWhoStutter,0,144,5149280,5197280,0,0,2,1,0,0,0,0,0,0,0,0,Valid,,Prolongation,Train,WomenWhoStutter_Ep0,WomenWhoStutter_0_144,data\processed\clips\WomenWhoStutter_0_144.wav,3.0
WomenWhoStutter,0,147,5416800,5464800,0,0,0,0,0,0,0,0,3,0,0,0,Valid,,Fluent,Train,WomenWhoStutter_Ep0,WomenWhoStutter_0_147,data\processed\clips\WomenWhoStutter_0_147.wav,3.0
WomenWhoStutter,0,149,6311680,6359680,0,0,2,1,1,0,0,0,0,0,0,0,Valid,,Prolongation,Train,WomenWhoStutter_Ep0,WomenWhoStutter_0_149,data\processed\clips\WomenWhoStutter_0_149.wav,3.0
WomenWhoStutter,0,153,7055200,7103200,0,0,2,0,0,0,1,2,2,0,0,0,Valid,,Prolongation,Train,WomenWhoStutter_Ep0,WomenWhoStutter_0_153,data\processed\clips\WomenWhoStutter_0_153.wav,3.0
WomenWhoStutter,0,156,7644480,7692480,0,0,3,0,0,0,0,0,0,0,0,0,Valid,,Prolongation,Train,WomenWhoStutter_Ep0,WomenWhoStutter_0_156,data\processed\clips\WomenWhoStutter_0_156.wav,3.0
WomenWhoStutter,0,157,7681440,7729440,0,0,1,1,3,0,1,1,0,0,0,0,Valid,,Repetition,Train,WomenWhoStutter_Ep0,WomenWhoStutter_0_157,data\processed\clips\WomenWhoStutter_0_157.wav,3.0
WomenWhoStutter,0,159,8414560,8462560,0,0,0,2,0,0,1,0,1,0,0,1,Valid,,Block,Train,WomenWhoStutter_Ep0,WomenWhoStutter_0_159,data\processed\clips\WomenWhoStutter_0_159.wav,3.0
WomenWhoStutter,0,161,1455040,1503040,0,0,1,0,3,0,0,0,0,0,0,0,Valid,,Repetition,Train,WomenWhoStutter_Ep0,WomenWhoStutter_0_161,data\processed\clips\WomenWhoStutter_0_161.wav,3.0
WomenWhoStutter,0,163,8483360,8531360,0,0,3,0,0,0,0,0,0,0,0,0,Valid,,Prolongation,Train,WomenWhoStutter_Ep0,WomenWhoStutter_0_163,data\processed\clips\WomenWhoStutter_0_163.wav,3.0
WomenWhoStutter,0,164,8578240,8626240,0,0,0,1,2,0,1,0,1,0,0,0,Valid,,Repetition,Train,WomenWhoStutter_Ep0,WomenWhoStutter_0_164,data\processed\clips\WomenWhoStutter_0_164.wav,3.0
WomenWhoStutter,0,165,8612800,8660800,0,0,0,1,3,0,1,0,0,0,0,1,Valid,,Repetition,Train,WomenWhoStutter_Ep0,WomenWhoStutter_0_165,data\processed\clips\WomenWhoStutter_0_165.wav,3.0
WomenWhoStutter,0,168,8997760,9045760,0,0,1,2,0,0,1,0,0,1,0,0,Valid,,Block,Train,WomenWhoStutter_Ep0,WomenWhoStutter_0_168,data\processed\clips\WomenWhoStutter_0_168.wav,3.0
WomenWhoStutter,0,172,9721280,9769280,0,0,2,0,0,0,0,0,1,2,0,0,Valid,,Prolongation,Train,WomenWhoStutter_Ep0,WomenWhoStutter_0_172,data\processed\clips\WomenWhoStutter_0_172.wav,3.0
WomenWhoStutter,0,173,9773760,9821760,0,1,0,2,1,0,0,0,0,0,0,0,Valid,,Block,Train,WomenWhoStutter_Ep0,WomenWhoStutter_0_173,data\processed\clips\WomenWhoStutter_0_173.wav,3.0
WomenWhoStutter,0,177,1748800,1796800,0,0,2,1,1,0,1,0,0,0,0,0,Valid,,Prolongation,Train,WomenWhoStutter_Ep0,WomenWhoStutter_0_177,data\processed\clips\WomenWhoStutter_0_177.wav,3.0
WomenWhoStutter,0,178,10482080,10530080,0,0,0,0,0,3,1,0,0,0,0,0,Valid,,Repetition,Train,WomenWhoStutter_Ep0,WomenWhoStutter_0_178,data\processed\clips\WomenWhoStutter_0_178.wav,3.0
WomenWhoStutter,0,183,11435520,11483520,0,0,3,1,0,0,1,0,0,0,0,0,Valid,,Prolongation,Train,WomenWhoStutter_Ep0,WomenWhoStutter_0_183,data\processed\clips\WomenWhoStutter_0_183.wav,3.0
WomenWhoStutter,0,185,11832640,11880640,0,0,3,0,1,0,0,0,0,0,0,0,Valid,,Prolongation,Train,WomenWhoStutter_Ep0,WomenWhoStutter_0_185,data\processed\clips\WomenWhoStutter_0_185.wav,3.0
WomenWhoStutter,0,186,12094240,12142240,0,0,1,0,2,0,0,0,0,1,0,0,Valid,,Repetition,Train,WomenWhoStutter_Ep0,WomenWhoStutter_0_186,data\processed\clips\WomenWhoStutter_0_186.wav,3.0
WomenWhoStutter,0,189,12572160,12620160,1,1,0,2,0,0,1,0,1,0,0,1,Valid,,Block,Train,WomenWhoStutter_Ep0,WomenWhoStutter_0_189,data\processed\clips\WomenWhoStutter_0_189.wav,3.0
WomenWhoStutter,0,190,12679680,12727680,0,0,0,2,0,0,1,0,1,1,0,0,Valid,,Block,Train,WomenWhoStutter_Ep0,WomenWhoStutter_0_190,data\processed\clips\WomenWhoStutter_0_190.wav,3.0
WomenWhoStutter,0,193,13811200,13859200,0,0,0,0,0,0,0,2,3,1,0,0,Valid,,Fluent,Train,WomenWhoStutter_Ep0,WomenWhoStutter_0_193,data\processed\clips\WomenWhoStutter_0_193.wav,3.0
WomenWhoStutter,0,199,14845600,14893600,0,0,0,2,0,0,1,0,1,0,0,1,Valid,,Block,Train,WomenWhoStutter_Ep0,WomenWhoStutter_0_199,data\processed\clips\WomenWhoStutter_0_199.wav,3.0
WomenWhoStutter,0,203,15143680,15191680,0,0,0,0,0,3,0,1,0,0,0,0,Valid,,Repetition,Train,WomenWhoStutter_Ep0,WomenWhoStutter_0_203,data\processed\clips\WomenWhoStutter_0_203.wav,3.0
WomenWhoStutter,0,207,15284640,15332640,0,0,2,1,1,0,1,1,0,0,0,1,Valid,,Prolongation,Train,WomenWhoStutter_Ep0,WomenWhoStutter_0_207,data\processed\clips\WomenWhoStutter_0_207.wav,3.0
WomenWhoStutter,0,211,15451680,15499680,0,0,0,2,1,0,1,0,0,0,0,0,Valid,,Block,Train,WomenWhoStutter_Ep0,WomenWhoStutter_0_211,data\processed\clips\WomenWhoStutter_0_211.wav,3.0
WomenWhoStutter,0,215,15994720,16042720,0,0,0,0,0,0,0,0,3,1,0,0,Valid,,Fluent,Train,WomenWhoStutter_Ep0,WomenWhoStutter_0_215,data\processed\clips\WomenWhoStutter_0_215.wav,3.0
WomenWhoStutter,0,216,16100320,16148320,0,0,3,0,0,0,0,0,0,1,0,0,Valid,,Prolongation,Train,WomenWhoStutter_Ep0,WomenWhoStutter_0_216,data\processed\clips\WomenWhoStutter_0_216.wav,3.0
WomenWhoStutter,0,218,16212480,16260480,0,0,0,0,0,0,0,0,3,0,0,0,Valid,,Fluent,Train,WomenWhoStutter_Ep0,WomenWhoStutter_0_218,data\processed\clips\WomenWhoStutter_0_218.wav,3.0
WomenWhoStutter,0,220,16717120,16765120,0,0,2,1,0,0,1,1,0,0,0,0,Valid,,Prolongation,Train,WomenWhoStutter_Ep0,WomenWhoStutter_0_220,data\processed\clips\WomenWhoStutter_0_220.wav,3.0
WomenWhoStutter,0,222,16829920,16877920,0,0,0,0,0,0,0,0,3,1,0,0,Valid,,Fluent,Train,WomenWhoStutter_Ep0,WomenWhoStutter_0_222,data\processed\clips\WomenWhoStutter_0_222.wav,3.0
WomenWhoStutter,0,226,17080320,17128320,0,0,1,2,1,0,1,0,0,0,0,0,Valid,,Block,Train,WomenWhoStutter_Ep0,WomenWhoStutter_0_226,data\processed\clips\WomenWhoStutter_0_226.wav,3.0
WomenWhoStutter,0,231,17558880,17606880,0,0,2,1,0,0,1,0,0,1,0,0,Valid,,Prolongation,Train,WomenWhoStutter_Ep0,WomenWhoStutter_0_231,data\processed\clips\WomenWhoStutter_0_231.wav,3.0
WomenWhoStutter,0,232,17662880,17710880,0,0,3,1,0,0,0,0,0,0,0,0,Valid,,Prolongation,Train,WomenWhoStutter_Ep0,WomenWhoStutter_0_232,data\processed\clips\WomenWhoStutter_0_232.wav,3.0
WomenWhoStutter,0,236,18379360,18427360,0,0,2,0,1,0,1,0,0,0,0,0,Valid,,Prolongation,Train,WomenWhoStutter_Ep0,WomenWhoStutter_0_236,data\processed\clips\WomenWhoStutter_0_236.wav,3.0
WomenWhoStutter,0,240,18659840,18707840,0,0,1,0,3,0,0,1,0,0,0,0,Valid,,Repetition,Train,WomenWhoStutter_Ep0,WomenWhoStutter_0_240,data\processed\clips\WomenWhoStutter_0_240.wav,3.0
WomenWhoStutter,0,242,18907680,18955680,1,0,0,2,1,0,1,1,0,0,0,0,Valid,,Block,Train,WomenWhoStutter_Ep0,WomenWhoStutter_0_242,data\processed\clips\WomenWhoStutter_0_242.wav,3.0
WomenWhoStutter,0,250,20288480,20336480,0,0,3,0,0,0,0,0,0,0,0,0,Valid,,Prolongation,Train,WomenWhoStutter_Ep0,WomenWhoStutter_0_250,data\processed\clips\WomenWhoStutter_0_250.wav,3.0
WomenWhoStutter,0,251,20408640,20456640,0,0,2,1,1,0,1,0,0,0,0,0,Valid,,Prolongation,Train,WomenWhoStutter_Ep0,WomenWhoStutter_0_251,data\processed\clips\WomenWhoStutter_0_251.wav,3.0
WomenWhoStutter,0,254,21594240,21642240,0,1,0,3,0,1,1,0,0,1,0,0,Valid,,Block,Train,WomenWhoStutter_Ep0,WomenWhoStutter_0_254,data\processed\clips\WomenWhoStutter_0_254.wav,3.0
WomenWhoStutter,0,258,22173440,22221440,0,0,2,1,0,0,1,0,0,0,0,0,Valid,,Prolongation,Train,WomenWhoStutter_Ep0,WomenWhoStutter_0_258,data\processed\clips\WomenWhoStutter_0_258.wav,3.0
WomenWhoStutter,0,259,22231840,22279840,0,0,0,2,0,0,0,0,1,0,0,0,Valid,,Block,Train,WomenWhoStutter_Ep0,WomenWhoStutter_0_259,data\processed\clips\WomenWhoStutter_0_259.wav,3.0
WomenWhoStutter,0,260,22364000,22412000,0,0,0,0,0,0,0,3,3,1,0,0,Valid,,Fluent,Train,WomenWhoStutter_Ep0,WomenWhoStutter_0_260,data\processed\clips\WomenWhoStutter_0_260.wav,3.0
WomenWhoStutter,0,261,22396160,22444160,0,0,2,0,1,0,1,0,0,0,0,0,Valid,,Prolongation,Train,WomenWhoStutter_Ep0,WomenWhoStutter_0_261,data\processed\clips\WomenWhoStutter_0_261.wav,3.0
WomenWhoStutter,0,262,22861280,22909280,1,0,3,0,0,0,1,0,0,0,0,1,Valid,,Prolongation,Train,WomenWhoStutter_Ep0,WomenWhoStutter_0_262,data\processed\clips\WomenWhoStutter_0_262.wav,3.0
WomenWhoStutter,0,263,22897760,22945760,0,0,3,0,0,0,1,0,0,0,0,0,Valid,,Prolongation,Train,WomenWhoStutter_Ep0,WomenWhoStutter_0_263,data\processed\clips\WomenWhoStutter_0_263.wav,3.0
WomenWhoStutter,0,268,23307840,23355840,0,0,2,1,1,0,0,1,0,0,0,0,Valid,,Prolongation,Train,WomenWhoStutter_Ep0,WomenWhoStutter_0_268,data\processed\clips\WomenWhoStutter_0_268.wav,3.0
WomenWhoStutter,0,270,23391680,23439680,0,0,2,1,0,0,0,0,0,0,0,0,Valid,,Prolongation,Train,WomenWhoStutter_Ep0,WomenWhoStutter_0_270,data\processed\clips\WomenWhoStutter_0_270.wav,3.0
WomenWhoStutter,0,271,23846400,23894400,0,0,2,1,0,0,1,1,0,0,0,0,Valid,,Prolongation,Train,WomenWhoStutter_Ep0,WomenWhoStutter_0_271,data\processed\clips\WomenWhoStutter_0_271.wav,3.0
WomenWhoStutter,0,272,23883520,23931520,1,0,0,0,3,0,1,0,0,0,0,1,Valid,,Repetition,Train,WomenWhoStutter_Ep0,WomenWhoStutter_0_272,data\processed\clips\WomenWhoStutter_0_272.wav,3.0
WomenWhoStutter,0,274,23939360,23987360,1,0,0,2,0,0,0,0,1,0,0,0,Valid,,Block,Train,WomenWhoStutter_Ep0,WomenWhoStutter_0_274,data\processed\clips\WomenWhoStutter_0_274.wav,3.0
WomenWhoStutter,0,275,24240320,24288320,0,0,3,0,0,0,0,0,0,0,0,0,Valid,,Prolongation,Train,WomenWhoStutter_Ep0,WomenWhoStutter_0_275,data\processed\clips\WomenWhoStutter_0_275.wav,3.0
WomenWhoStutter,0,277,24336000,24384000,0,0,2,0,1,0,1,0,0,0,0,0,Valid,,Prolongation,Train,WomenWhoStutter_Ep0,WomenWhoStutter_0_277,data\processed\clips\WomenWhoStutter_0_277.wav,3.0
WomenWhoStutter,1,0,533120,581120,0,0,2,1,0,0,0,0,1,0,0,0,Valid,,Prolongation,Test,WomenWhoStutter_Ep1,WomenWhoStutter_1_0,data\processed\clips\WomenWhoStutter_1_0.wav,3.0
WomenWhoStutter,1,1,33267200,33315200,0,0,0,2,0,0,0,3,1,2,0,0,Valid,,Block,Test,WomenWhoStutter_Ep1,WomenWhoStutter_1_1,data\processed\clips\WomenWhoStutter_1_1.wav,3.0
WomenWhoStutter,1,2,33294880,33342880,0,0,0,1,2,1,0,0,0,0,0,0,Valid,,Repetition,Test,WomenWhoStutter_Ep1,WomenWhoStutter_1_2,data\processed\clips\WomenWhoStutter_1_2.wav,3.0
WomenWhoStutter,1,4,33585120,33633120,0,0,0,0,0,0,0,1,3,1,1,0,Valid,,Fluent,Test,WomenWhoStutter_Ep1,WomenWhoStutter_1_4,data\processed\clips\WomenWhoStutter_1_4.wav,3.0
WomenWhoStutter,1,5,33615520,33663520,0,0,0,2,0,0,0,3,1,2,0,0,Valid,,Block,Test,WomenWhoStutter_Ep1,WomenWhoStutter_1_5,data\processed\clips\WomenWhoStutter_1_5.wav,3.0
WomenWhoStutter,1,6,33695680,33743680,0,0,3,0,0,0,0,0,1,0,0,0,Valid,,Prolongation,Test,WomenWhoStutter_Ep1,WomenWhoStutter_1_6,data\processed\clips\WomenWhoStutter_1_6.wav,3.0
WomenWhoStutter,1,11,34449760,34497760,0,0,1,1,2,1,0,0,1,0,0,0,Valid,,Repetition,Test,WomenWhoStutter_Ep1,WomenWhoStutter_1_11,data\processed\clips\WomenWhoStutter_1_11.wav,3.0
WomenWhoStutter,1,12,34478080,34526080,0,0,0,1,2,1,0,0,0,0,0,0,Valid,,Repetition,Test,WomenWhoStutter_Ep1,WomenWhoStutter_1_12,data\processed\clips\WomenWhoStutter_1_12.wav,3.0
WomenWhoStutter,1,13,34815520,34863520,0,0,0,1,2,0,0,3,0,0,0,0,Valid,,Repetition,Test,WomenWhoStutter_Ep1,WomenWhoStutter_1_13,data\processed\clips\WomenWhoStutter_1_13.wav,3.0
WomenWhoStutter,1,16,4628960,4676960,0,0,1,2,0,0,1,1,0,0,0,0,Valid,,Block,Test,WomenWhoStutter_Ep1,WomenWhoStutter_1_16,data\processed\clips\WomenWhoStutter_1_16.wav,3.0
WomenWhoStutter,1,17,5324480,5372480,0,0,0,0,0,0,0,3,3,1,0,0,Valid,,Fluent,Test,WomenWhoStutter_Ep1,WomenWhoStutter_1_17,data\processed\clips\WomenWhoStutter_1_17.wav,3.0
WomenWhoStutter,1,19,5711840,5759840,0,0,0,0,0,0,0,3,3,0,0,0,Valid,,Fluent,Test,WomenWhoStutter_Ep1,WomenWhoStutter_1_19,data\processed\clips\WomenWhoStutter_1_19.wav,3.0
WomenWhoStutter,1,21,6059200,6107200,0,0,0,0,0,0,0,3,3,1,0,0,Valid,,Fluent,Test,WomenWhoStutter_Ep1,WomenWhoStutter_1_21,data\processed\clips\WomenWhoStutter_1_21.wav,3.0
WomenWhoStutter,1,23,6186400,6234400,0,0,0,0,0,3,0,3,0,0,0,0,Valid,,Repetition,Test,WomenWhoStutter_Ep1,WomenWhoStutter_1_23,data\processed\clips\WomenWhoStutter_1_23.wav,3.0
WomenWhoStutter,1,26,7005600,7053600,0,0,1,1,1,2,0,3,0,0,0,0,Valid,,Repetition,Test,WomenWhoStutter_Ep1,WomenWhoStutter_1_26,data\processed\clips\WomenWhoStutter_1_26.wav,3.0
WomenWhoStutter,1,27,7495840,7543840,0,0,0,0,0,0,1,3,3,2,0,0,Valid,,Fluent,Test,WomenWhoStutter_Ep1,WomenWhoStutter_1_27,data\processed\clips\WomenWhoStutter_1_27.wav,3.0
WomenWhoStutter,1,28,7524000,7572000,0,0,0,0,0,0,0,2,3,0,0,0,Valid,,Fluent,Test,WomenWhoStutter_Ep1,WomenWhoStutter_1_28,data\processed\clips\WomenWhoStutter_1_28.wav,3.0
WomenWhoStutter,1,29,7572160,7620160,0,0,0,0,0,0,0,0,3,0,0,0,Valid,,Fluent,Test,WomenWhoStutter_Ep1,WomenWhoStutter_1_29,data\processed\clips\WomenWhoStutter_1_29.wav,3.0
WomenWhoStutter,1,30,7602880,7650880,0,0,0,0,0,0,0,3,3,0,0,0,Valid,,Fluent,Test,WomenWhoStutter_Ep1,WomenWhoStutter_1_30,data\processed\clips\WomenWhoStutter_1_30.wav,3.0
WomenWhoStutter,1,31,7821120,7869120,0,0,2,0,0,0,0,1,1,0,0,0,Valid,,Prolongation,Test,WomenWhoStutter_Ep1,WomenWhoStutter_1_31,data\processed\clips\WomenWhoStutter_1_31.wav,3.0
WomenWhoStutter,1,32,7854720,7902720,0,0,3,1,1,0,1,0,0,0,0,0,Valid,,Prolongation,Test,WomenWhoStutter_Ep1,WomenWhoStutter_1_32,data\processed\clips\WomenWhoStutter_1_32.wav,3.0
WomenWhoStutter,1,34,8362880,8410880,0,0,2,0,0,0,0,0,1,1,0,0,Valid,,Prolongation,Test,WomenWhoStutter_Ep1,WomenWhoStutter_1_34,data\processed\clips\WomenWhoStutter_1_34.wav,3.0
WomenWhoStutter,1,36,937920,985920,0,0,0,0,0,0,0,0,3,0,0,0,Valid,,Fluent,Test,WomenWhoStutter_Ep1,WomenWhoStutter_1_36,data\processed\clips\WomenWhoStutter_1_36.wav,3.0
WomenWhoStutter,1,37,8737280,8785280,0,0,0,0,0,0,0,3,3,1,0,0,Valid,,Fluent,Test,WomenWhoStutter_Ep1,WomenWhoStutter_1_37,data\processed\clips\WomenWhoStutter_1_37.wav,3.0
WomenWhoStutter,1,38,8766240,8814240,0,0,0,2,0,0,0,0,1,1,0,0,Valid,,Block,Test,WomenWhoStutter_Ep1,WomenWhoStutter_1_38,data\processed\clips\WomenWhoStutter_1_38.wav,3.0
WomenWhoStutter,1,39,8881280,8929280,0,0,2,1,0,0,0,3,0,0,0,0,Valid,,Prolongation,Test,WomenWhoStutter_Ep1,WomenWhoStutter_1_39,data\processed\clips\WomenWhoStutter_1_39.wav,3.0
WomenWhoStutter,1,42,10166560,10214560,0,0,0,0,0,0,0,0,3,0,0,0,Valid,,Fluent,Test,WomenWhoStutter_Ep1,WomenWhoStutter_1_42,data\processed\clips\WomenWhoStutter_1_42.wav,3.0
WomenWhoStutter,1,44,10401280,10449280,1,0,0,1,2,0,1,0,0,0,0,0,Valid,,Repetition,Test,WomenWhoStutter_Ep1,WomenWhoStutter_1_44,data\processed\clips\WomenWhoStutter_1_44.wav,3.0
WomenWhoStutter,1,46,10485920,10533920,0,0,2,0,0,0,0,2,1,2,0,0,Valid,,Prolongation,Test,WomenWhoStutter_Ep1,WomenWhoStutter_1_46,data\processed\clips\WomenWhoStutter_1_46.wav,3.0
WomenWhoStutter,1,47,10514080,10562080,0,0,0,0,0,0,0,1,3,1,0,0,Valid,,Fluent,Test,WomenWhoStutter_Ep1,WomenWhoStutter_1_47,data\processed\clips\WomenWhoStutter_1_47.wav,3.0
WomenWhoStutter,1,48,10797440,10845440,0,0,0,0,0,0,0,3,3,1,0,0,Valid,,Fluent,Test,WomenWhoStutter_Ep1,WomenWhoStutter_1_48,data\processed\clips\WomenWhoStutter_1_48.wav,3.0
WomenWhoStutter,1,52,12846240,12894240,0,0,0,0,0,0,0,3,3,0,0,0,Valid,,Fluent,Test,WomenWhoStutter_Ep1,WomenWhoStutter_1_52,data\processed\clips\WomenWhoStutter_1_52.wav,3.0
WomenWhoStutter,1,53,12882240,12930240,0,0,1,1,2,0,0,0,0,0,0,0,Valid,,Repetition,Test,WomenWhoStutter_Ep1,WomenWhoStutter_1_53,data\processed\clips\WomenWhoStutter_1_53.wav,3.0
WomenWhoStutter,1,54,13339200,13387200,0,0,0,0,0,0,0,0,3,0,0,0,Valid,,Fluent,Test,WomenWhoStutter_Ep1,WomenWhoStutter_1_54,data\processed\clips\WomenWhoStutter_1_54.wav,3.0
WomenWhoStutter,1,56,1685760,1733760,0,0,1,0,2,1,0,0,0,0,0,0,Valid,,Repetition,Test,WomenWhoStutter_Ep1,WomenWhoStutter_1_56,data\processed\clips\WomenWhoStutter_1_56.wav,3.0
WomenWhoStutter,1,57,1712800,1760800,0,0,0,2,0,1,1,3,0,0,0,0,Valid,,Block,Test,WomenWhoStutter_Ep1,WomenWhoStutter_1_57,data\processed\clips\WomenWhoStutter_1_57.wav,3.0
WomenWhoStutter,1,61,13694720,13742720,0,0,2,0,1,0,0,3,0,1,0,0,Valid,,Prolongation,Test,WomenWhoStutter_Ep1,WomenWhoStutter_1_61,data\processed\clips\WomenWhoStutter_1_61.wav,3.0
WomenWhoStutter,1,62,13744000,13792000,0,0,0,0,0,0,0,0,3,0,0,0,Valid,,Fluent,Test,WomenWhoStutter_Ep1,WomenWhoStutter_1_62,data\processed\clips\WomenWhoStutter_1_62.wav,3.0
WomenWhoStutter,1,63,13813920,13861920,0,0,1,0,3,0,0,2,0,0,0,0,Valid,,Repetition,Test,WomenWhoStutter_Ep1,WomenWhoStutter_1_63,data\processed\clips\WomenWhoStutter_1_63.wav,3.0
WomenWhoStutter,1,66,14241760,14289760,0,0,0,0,0,3,0,1,0,0,0,0,Valid,,Repetition,Test,WomenWhoStutter_Ep1,WomenWhoStutter_1_66,data\processed\clips\WomenWhoStutter_1_66.wav,3.0
WomenWhoStutter,1,67,15605120,15653120,0,0,0,0,0,0,0,0,3,1,0,0,Valid,,Fluent,Test,WomenWhoStutter_Ep1,WomenWhoStutter_1_67,data\processed\clips\WomenWhoStutter_1_67.wav,3.0
WomenWhoStutter,1,69,15999520,16047520,0,0,0,0,0,0,0,3,3,1,0,0,Valid,,Fluent,Test,WomenWhoStutter_Ep1,WomenWhoStutter_1_69,data\processed\clips\WomenWhoStutter_1_69.wav,3.0
WomenWhoStutter,1,70,16031520,16079520,0,0,0,0,0,0,0,0,3,1,0,0,Valid,,Fluent,Test,WomenWhoStutter_Ep1,WomenWhoStutter_1_70,data\processed\clips\WomenWhoStutter_1_70.wav,3.0
WomenWhoStutter,1,72,16378720,16426720,0,0,0,1,0,3,0,0,0,0,0,0,Valid,,Repetition,Test,WomenWhoStutter_Ep1,WomenWhoStutter_1_72,data\processed\clips\WomenWhoStutter_1_72.wav,3.0
WomenWhoStutter,1,75,16397600,16445600,0,0,0,1,2,3,0,0,0,0,0,0,Valid,,Repetition,Test,WomenWhoStutter_Ep1,WomenWhoStutter_1_75,data\processed\clips\WomenWhoStutter_1_75.wav,3.0
WomenWhoStutter,1,76,16472480,16520480,0,0,0,0,0,0,0,3,3,2,0,0,Valid,,Fluent,Test,WomenWhoStutter_Ep1,WomenWhoStutter_1_76,data\processed\clips\WomenWhoStutter_1_76.wav,3.0
WomenWhoStutter,1,78,16544480,16592480,0,0,1,1,2,1,0,3,0,1,0,0,Valid,,Repetition,Test,WomenWhoStutter_Ep1,WomenWhoStutter_1_78,data\processed\clips\WomenWhoStutter_1_78.wav,3.0
WomenWhoStutter,1,80,17064960,17112960,0,0,0,2,0,0,0,2,1,1,0,1,Valid,,Block,Test,WomenWhoStutter_Ep1,WomenWhoStutter_1_80,data\processed\clips\WomenWhoStutter_1_80.wav,3.0
WomenWhoStutter,1,82,17141120,17189120,0,0,0,0,0,0,0,1,3,1,0,0,Valid,,Fluent,Test,WomenWhoStutter_Ep1,WomenWhoStutter_1_82,data\processed\clips\WomenWhoStutter_1_82.wav,3.0
WomenWhoStutter,1,83,17551680,17599680,0,0,0,0,0,0,0,0,3,0,0,0,Valid,,Fluent,Test,WomenWhoStutter_Ep1,WomenWhoStutter_1_83,data\processed\clips\WomenWhoStutter_1_83.wav,3.0
WomenWhoStutter,1,88,18435360,18483360,0,0,2,0,0,0,0,3,1,0,0,0,Valid,,Prolongation,Test,WomenWhoStutter_Ep1,WomenWhoStutter_1_88,data\processed\clips\WomenWhoStutter_1_88.wav,3.0
WomenWhoStutter,1,89,18462080,18510080,0,0,0,1,2,0,0,1,0,0,0,0,Valid,,Repetition,Test,WomenWhoStutter_Ep1,WomenWhoStutter_1_89,data\processed\clips\WomenWhoStutter_1_89.wav,3.0
WomenWhoStutter,1,90,18779200,18827200,0,0,0,0,0,3,0,0,0,1,0,0,Valid,,Repetition,Test,WomenWhoStutter_Ep1,WomenWhoStutter_1_90,data\processed\clips\WomenWhoStutter_1_90.wav,3.0
WomenWhoStutter,1,91,18818080,18866080,0,0,1,2,0,0,0,0,1,1,0,0,Valid,,Block,Test,WomenWhoStutter_Ep1,WomenWhoStutter_1_91,data\processed\clips\WomenWhoStutter_1_91.wav,3.0
WomenWhoStutter,1,95,19265760,19313760,0,0,0,0,0,0,0,0,3,0,0,0,Valid,,Fluent,Test,WomenWhoStutter_Ep1,WomenWhoStutter_1_95,data\processed\clips\WomenWhoStutter_1_95.wav,3.0
WomenWhoStutter,1,99,20851520,20899520,0,0,0,0,2,1,0,2,0,1,0,0,Valid,,Repetition,Test,WomenWhoStutter_Ep1,WomenWhoStutter_1_99,data\processed\clips\WomenWhoStutter_1_99.wav,3.0
WomenWhoStutter,1,100,20893120,20941120,0,0,0,2,1,0,1,0,0,1,0,0,Valid,,Block,Test,WomenWhoStutter_Ep1,WomenWhoStutter_1_100,data\processed\clips\WomenWhoStutter_1_100.wav,3.0
WomenWhoStutter,1,101,20921440,20969440,0,0,0,0,0,0,0,3,3,0,0,0,Valid,,Fluent,Test,WomenWhoStutter_Ep1,WomenWhoStutter_1_101,data\processed\clips\WomenWhoStutter_1_101.wav,3.0
WomenWhoStutter,1,102,21115040,21163040,0,1,1,2,0,0,1,0,0,0,0,0,Valid,,Block,Test,WomenWhoStutter_Ep1,WomenWhoStutter_1_102,data\processed\clips\WomenWhoStutter_1_102.wav,3.0
WomenWhoStutter,1,103,21147360,21195360,0,0,0,0,0,0,0,1,3,1,0,0,Valid,,Fluent,Test,WomenWhoStutter_Ep1,WomenWhoStutter_1_103,data\processed\clips\WomenWhoStutter_1_103.wav,3.0
WomenWhoStutter,1,104,21313600,21361600,0,0,0,0,0,0,0,2,3,0,0,0,Valid,,Fluent,Test,WomenWhoStutter_Ep1,WomenWhoStutter_1_104,data\processed\clips\WomenWhoStutter_1_104.wav,3.0
WomenWhoStutter,1,106,22149760,22197760,0,0,2,1,0,0,0,0,1,0,0,0,Valid,,Prolongation,Test,WomenWhoStutter_Ep1,WomenWhoStutter_1_106,data\processed\clips\WomenWhoStutter_1_106.wav,3.0
WomenWhoStutter,1,107,22189280,22237280,0,0,1,0,2,0,0,3,0,1,0,0,Valid,,Repetition,Test,WomenWhoStutter_Ep1,WomenWhoStutter_1_107,data\processed\clips\WomenWhoStutter_1_107.wav,3.0
WomenWhoStutter,1,109,22461600,22509600,0,0,2,0,0,0,0,1,1,0,0,0,Valid,,Prolongation,Test,WomenWhoStutter_Ep1,WomenWhoStutter_1_109,data\processed\clips\WomenWhoStutter_1_109.wav,3.0
WomenWhoStutter,1,113,23116000,23164000,0,0,0,2,0,0,0,2,1,1,0,0,Valid,,Block,Test,WomenWhoStutter_Ep1,WomenWhoStutter_1_113,data\processed\clips\WomenWhoStutter_1_113.wav,3.0
WomenWhoStutter,1,115,3459200,3507200,0,0,0,0,2,0,0,2,1,0,0,0,Valid,,Repetition,Test,WomenWhoStutter_Ep1,WomenWhoStutter_1_115,data\processed\clips\WomenWhoStutter_1_115.wav,3.0
WomenWhoStutter,1,120,23719200,23767200,0,0,0,1,2,0,0,0,1,1,0,0,Valid,,Repetition,Test,WomenWhoStutter_Ep1,WomenWhoStutter_1_120,data\processed\clips\WomenWhoStutter_1_120.wav,3.0
WomenWhoStutter,1,121,23747520,23795520,0,0,2,1,0,0,0,2,1,0,0,0,Valid,,Prolongation,Test,WomenWhoStutter_Ep1,WomenWhoStutter_1_121,data\processed\clips\WomenWhoStutter_1_121.wav,3.0
WomenWhoStutter,1,122,23771200,23819200,0,0,0,2,0,0,0,3,1,1,0,0,Valid,,Block,Test,WomenWhoStutter_Ep1,WomenWhoStutter_1_122,data\processed\clips\WomenWhoStutter_1_122.wav,3.0
WomenWhoStutter,1,126,24068160,24116160,0,0,0,0,0,0,0,0,3,1,0,0,Valid,,Fluent,Test,WomenWhoStutter_Ep1,WomenWhoStutter_1_126,data\processed\clips\WomenWhoStutter_1_126.wav,3.0
WomenWhoStutter,1,129,24538240,24586240,0,0,0,0,0,0,0,0,3,1,0,0,Valid,,Fluent,Test,WomenWhoStutter_Ep1,WomenWhoStutter_1_129,data\processed\clips\WomenWhoStutter_1_129.wav,3.0
WomenWhoStutter,1,130,25262400,25310400,0,0,0,0,0,0,1,0,3,0,0,0,Valid,,Fluent,Test,WomenWhoStutter_Ep1,WomenWhoStutter_1_130,data\processed\clips\WomenWhoStutter_1_130.wav,3.0
WomenWhoStutter,1,131,25291200,25339200,0,0,0,0,0,0,0,1,3,2,0,0,Valid,,Fluent,Test,WomenWhoStutter_Ep1,WomenWhoStutter_1_131,data\processed\clips\WomenWhoStutter_1_131.wav,3.0
WomenWhoStutter,1,133,3595680,3643680,0,0,0,2,0,0,1,0,1,1,0,0,Valid,,Block,Test,WomenWhoStutter_Ep1,WomenWhoStutter_1_133,data\processed\clips\WomenWhoStutter_1_133.wav,3.0
WomenWhoStutter,1,135,25687840,25735840,0,0,0,0,0,0,0,2,3,0,0,0,Valid,,Fluent,Test,WomenWhoStutter_Ep1,WomenWhoStutter_1_135,data\processed\clips\WomenWhoStutter_1_135.wav,3.0
WomenWhoStutter,1,136,25805440,25853440,0,0,0,3,0,0,0,2,0,1,0,0,Valid,,Block,Test,WomenWhoStutter_Ep1,WomenWhoStutter_1_136,data\processed\clips\WomenWhoStutter_1_136.wav,3.0
WomenWhoStutter,1,137,25832960,25880960,0,0,0,3,0,0,0,0,0,1,0,0,Valid,,Block,Test,WomenWhoStutter_Ep1,WomenWhoStutter_1_137,data\processed\clips\WomenWhoStutter_1_137.wav,3.0
WomenWhoStutter,1,141,26192160,26240160,0,0,1,2,0,0,0,0,1,0,0,0,Valid,,Block,Test,WomenWhoStutter_Ep1,WomenWhoStutter_1_141,data\processed\clips\WomenWhoStutter_1_141.wav,3.0
WomenWhoStutter,1,142,26537760,26585760,0,0,1,1,2,1,1,0,0,0,0,0,Valid,,Repetition,Test,WomenWhoStutter_Ep1,WomenWhoStutter_1_142,data\processed\clips\WomenWhoStutter_1_142.wav,3.0
WomenWhoStutter,1,145,26780960,26828960,0,0,1,1,0,2,0,0,0,0,0,0,Valid,,Repetition,Test,WomenWhoStutter_Ep1,WomenWhoStutter_1_145,data\processed\clips\WomenWhoStutter_1_145.wav,3.0
WomenWhoStutter,1,146,27042560,27090560,0,0,0,0,2,3,0,0,0,0,0,0,Valid,,Repetition,Test,WomenWhoStutter_Ep1,WomenWhoStutter_1_146,data\processed\clips\WomenWhoStutter_1_146.wav,3.0
WomenWhoStutter,1,147,27074400,27122400,0,0,1,2,0,0,1,1,1,0,0,1,Valid,,Block,Test,WomenWhoStutter_Ep1,WomenWhoStutter_1_147,data\processed\clips\WomenWhoStutter_1_147.wav,3.0
WomenWhoStutter,1,148,27548160,27596160,1,0,0,1,3,0,1,3,0,0,0,0,Valid,,Repetition,Test,WomenWhoStutter_Ep1,WomenWhoStutter_1_148,data\processed\clips\WomenWhoStutter_1_148.wav,3.0
WomenWhoStutter,1,149,27579360,27627360,0,0,0,0,3,0,0,0,0,1,0,0,Valid,,Repetition,Test,WomenWhoStutter_Ep1,WomenWhoStutter_1_149,data\processed\clips\WomenWhoStutter_1_149.wav,3.0
WomenWhoStutter,1,150,28227520,28275520,0,0,0,0,0,0,1,1,3,0,0,0,Valid,,Fluent,Test,WomenWhoStutter_Ep1,WomenWhoStutter_1_150,data\processed\clips\WomenWhoStutter_1_150.wav,3.0
WomenWhoStutter,1,155,28401920,28449920,0,0,0,1,2,0,0,0,1,0,0,0,Valid,,Repetition,Test,WomenWhoStutter_Ep1,WomenWhoStutter_1_155,data\processed\clips\WomenWhoStutter_1_155.wav,3.0
WomenWhoStutter,1,156,28675840,28723840,0,0,0,0,3,1,0,0,0,0,0,0,Valid,,Repetition,Test,WomenWhoStutter_Ep1,WomenWhoStutter_1_156,data\processed\clips\WomenWhoStutter_1_156.wav,3.0
WomenWhoStutter,1,158,28779840,28827840,0,0,0,2,1,0,0,0,1,0,0,0,Valid,,Block,Test,WomenWhoStutter_Ep1,WomenWhoStutter_1_158,data\processed\clips\WomenWhoStutter_1_158.wav,3.0
WomenWhoStutter,1,159,28810880,28858880,0,0,0,2,0,0,0,3,1,1,0,0,Valid,,Block,Test,WomenWhoStutter_Ep1,WomenWhoStutter_1_159,data\processed\clips\WomenWhoStutter_1_159.wav,3.0
WomenWhoStutter,1,160,29459520,29507520,0,0,0,0,0,0,0,0,3,0,0,0,Valid,,Fluent,Test,WomenWhoStutter_Ep1,WomenWhoStutter_1_160,data\processed\clips\WomenWhoStutter_1_160.wav,3.0
WomenWhoStutter,1,162,29695680,29743680,0,0,0,1,3,1,0,1,0,0,0,0,Valid,,Repetition,Test,WomenWhoStutter_Ep1,WomenWhoStutter_1_162,data\processed\clips\WomenWhoStutter_1_162.wav,3.0
WomenWhoStutter,1,163,29723040,29771040,0,0,0,1,0,2,0,3,0,0,0,0,Valid,,Repetition,Test,WomenWhoStutter_Ep1,WomenWhoStutter_1_163,data\processed\clips\WomenWhoStutter_1_163.wav,3.0
WomenWhoStutter,1,164,30157440,30205440,0,0,0,2,1,0,1,2,0,1,0,0,Valid,,Block,Test,WomenWhoStutter_Ep1,WomenWhoStutter_1_164,data\processed\clips\WomenWhoStutter_1_164.wav,3.0
WomenWhoStutter,1,166,30213600,30261600,1,0,3,0,1,0,1,0,0,0,0,1,Valid,,Prolongation,Test,WomenWhoStutter_Ep1,WomenWhoStutter_1_166,data\processed\clips\WomenWhoStutter_1_166.wav,3.0
WomenWhoStutter,1,168,30434560,30482560,0,0,1,1,2,0,0,0,0,0,0,0,Valid,,Repetition,Test,WomenWhoStutter_Ep1,WomenWhoStutter_1_168,data\processed\clips\WomenWhoStutter_1_168.wav,3.0
WomenWhoStutter,1,169,30494880,30542880,0,0,0,0,0,2,0,0,1,0,0,0,Valid,,Repetition,Test,WomenWhoStutter_Ep1,WomenWhoStutter_1_169,data\processed\clips\WomenWhoStutter_1_169.wav,3.0
WomenWhoStutter,1,170,30522720,30570720,0,0,0,1,3,0,0,3,0,0,0,0,Valid,,Repetition,Test,WomenWhoStutter_Ep1,WomenWhoStutter_1_170,data\processed\clips\WomenWhoStutter_1_170.wav,3.0
WomenWhoStutter,1,173,4291840,4339840,0,0,0,0,0,0,1,3,3,1,0,0,Valid,,Fluent,Test,WomenWhoStutter_Ep1,WomenWhoStutter_1_173,data\processed\clips\WomenWhoStutter_1_173.wav,3.0
WomenWhoStutter,1,175,31480960,31528960,0,0,2,0,0,0,0,1,1,1,0,0,Valid,,Prolongation,Test,WomenWhoStutter_Ep1,WomenWhoStutter_1_175,data\processed\clips\WomenWhoStutter_1_175.wav,3.0
WomenWhoStutter,1,177,31842560,31890560,0,0,0,0,0,0,0,2,3,0,0,0,Valid,,Fluent,Test,WomenWhoStutter_Ep1,WomenWhoStutter_1_177,data\processed\clips\WomenWhoStutter_1_177.wav,3.0
WomenWhoStutter,1,180,32229600,32277600,0,0,3,0,0,0,0,0,0,0,0,0,Valid,,Prolongation,Test,WomenWhoStutter_Ep1,WomenWhoStutter_1_180,data\processed\clips\WomenWhoStutter_1_180.wav,3.0
WomenWhoStutter,1,181,32454240,32502240,0,0,0,0,0,0,0,0,3,1,0,0,Valid,,Fluent,Test,WomenWhoStutter_Ep1,WomenWhoStutter_1_181,data\processed\clips\WomenWhoStutter_1_181.wav,3.0
WomenWhoStutter,1,183,32511520,32559520,0,0,0,0,0,0,0,3,3,1,0,0,Valid,,Fluent,Test,WomenWhoStutter_Ep1,WomenWhoStutter_1_183,data\processed\clips\WomenWhoStutter_1_183.wav,3.0
WomenWhoStutter,1,184,32717760,32765760,0,0,0,3,0,0,0,0,0,1,0,0,Valid,,Block,Test,WomenWhoStutter_Ep1,WomenWhoStutter_1_184,data\processed\clips\WomenWhoStutter_1_184.wav,3.0
WomenWhoStutter,1,185,32754080,32802080,0,0,1,3,1,0,0,2,0,0,0,0,Valid,,Block,Test,WomenWhoStutter_Ep1,WomenWhoStutter_1_185,data\processed\clips\WomenWhoStutter_1_185.wav,3.0
WomenWhoStutter,1,186,32834400,32882400,0,0,3,1,0,0,0,1,0,0,0,0,Valid,,Prolongation,Test,WomenWhoStutter_Ep1,WomenWhoStutter_1_186,data\processed\clips\WomenWhoStutter_1_186.wav,3.0
WomenWhoStutter,1,188,32904800,32952800,0,0,0,0,0,0,0,1,3,1,0,0,Valid,,Fluent,Test,WomenWhoStutter_Ep1,WomenWhoStutter_1_188,data\processed\clips\WomenWhoStutter_1_188.wav,3.0
WomenWhoStutter,1,190,32976800,33024800,0,0,1,2,0,0,0,2,1,0,0,0,Valid,,Block,Test,WomenWhoStutter_Ep1,WomenWhoStutter_1_190,data\processed\clips\WomenWhoStutter_1_190.wav,3.0
WomenWhoStutter,1,191,33114880,33162880,0,0,0,2,1,0,0,0,0,1,0,0,Valid,,Block,Test,WomenWhoStutter_Ep1,WomenWhoStutter_1_191,data\processed\clips\WomenWhoStutter_1_191.wav,3.0
